#usda 1.0
(
    defaultPrim = "roboticArm"
    subLayers = [
        @velding_v001_binding.usda@
    ]
)

def Xform "roboticArm"
{
    def Scope "Geom"
    {
        def "render"
        {
            def Mesh "weldingBox" (
                prepend apiSchemas = ["SkelBindingAPI"]
            )
            {
                int[] faceVertexCounts = [4, 4, 4, 4, 4, 4, 4, 4, 4, 4, 4, 4, 4, 4, 4, 4, 4, 4, 4, 4, 4, 4, 4, 4, 4, 4, 4, 4, 4, 4, 4, 4, 4, 4, 4, 4, 4, 4, 4, 4, 4, 4, 4, 4, 4, 4, 4, 4, 4, 5, 5]
                int[] faceVertexIndices = [38, 26, 28, 40, 40, 28, 29, 41, 41, 29, 30, 42, 42, 30, 31, 43, 43, 31, 32, 44, 44, 32, 33, 45, 45, 33, 34, 46, 46, 34, 35, 47, 47, 35, 36, 48, 48, 36, 37, 49, 49, 37, 27, 39, 3, 27, 37, 13, 13, 37, 36, 12, 12, 36, 35, 11, 11, 35, 34, 10, 10, 34, 33, 9, 9, 33, 32, 8, 8, 32, 31, 7, 7, 31, 30, 6, 6, 30, 29, 5, 5, 29, 28, 4, 4, 28, 26, 2, 39, 14, 16, 49, 49, 16, 17, 48, 48, 17, 18, 47, 47, 18, 19, 46, 46, 19, 20, 45, 45, 20, 21, 44, 44, 21, 22, 43, 43, 22, 23, 42, 42, 23, 24, 41, 41, 24, 25, 40, 40, 25, 15, 38, 14, 3, 13, 16, 16, 13, 12, 17, 17, 12, 11, 18, 18, 11, 10, 19, 19, 10, 9, 20, 20, 9, 8, 21, 21, 8, 7, 22, 22, 7, 6, 23, 23, 6, 5, 24, 24, 5, 4, 25, 25, 4, 2, 15, 26, 38, 15, 2, 39, 1, 0, 14, 52, 51, 50, 53, 52, 27, 3, 51, 50, 0, 1, 53, 3, 14, 0, 50, 51, 52, 53, 1, 39, 27]
                point3f[] points = [(-0.11085652, -0.02334771, 0.048906803), (-0.11085652, 0.02334771, 0.048906803), (0.048906803, -0.005380713, -0.011271061), (0.011271061, -0.02334771, -0.048906803), (0.04852372, -0.007937682, -0.016627183), (0.047382288, -0.0104426, -0.021874271), (0.045505732, -0.012844472, -0.02690551), (0.04293226, -0.015094402, -0.031618476), (0.039714254, -0.017146591, -0.035917226), (0.035917226, -0.018959261, -0.039714254), (0.031618476, -0.020495512, -0.04293226), (0.02690551, -0.021724066, -0.045505732), (0.021874271, -0.022619918, -0.047382288), (0.016627183, -0.02316483, -0.04852372), (0.011271061, -0.02334771, 0.048906803), (0.048906803, -0.005380713, 0.011271061), (0.016627183, -0.02316483, 0.04852372), (0.021874271, -0.022619918, 0.047382288), (0.02690551, -0.021724066, 0.045505732), (0.031618476, -0.020495512, 0.04293226), (0.035917226, -0.018959261, 0.039714254), (0.039714254, -0.017146591, 0.035917226), (0.04293226, -0.015094402, 0.031618476), (0.045505732, -0.012844472, 0.02690551), (0.047382288, -0.0104426, 0.021874273), (0.04852372, -0.007937682, 0.016627183), (0.048906803, 0.005380713, -0.011271061), (0.011271061, 0.02334771, -0.048906803), (0.04852372, 0.007937682, -0.016627183), (0.047382288, 0.0104426, -0.021874273), (0.045505732, 0.012844472, -0.02690551), (0.04293226, 0.015094402, -0.031618476), (0.039714254, 0.017146591, -0.035917226), (0.035917226, 0.018959261, -0.039714254), (0.031618476, 0.020495512, -0.04293226), (0.02690551, 0.021724066, -0.045505732), (0.021874271, 0.022619918, -0.047382288), (0.016627183, 0.02316483, -0.04852372), (0.048906803, 0.005380713, 0.011271061), (0.011271061, 0.02334771, 0.048906803), (0.04852372, 0.007937682, 0.016627183), (0.047382288, 0.0104426, 0.021874271), (0.045505732, 0.012844472, 0.02690551), (0.04293226, 0.015094402, 0.031618476), (0.039714254, 0.017146591, 0.035917226), (0.035917226, 0.018959261, 0.039714254), (0.031618476, 0.020495512, 0.04293226), (0.02690551, 0.021724066, 0.045505732), (0.021874271, 0.022619918, 0.047382288), (0.016627183, 0.02316483, 0.04852372), (-0.11085652, -0.02334771, -0.014011128), (-0.07596084, -0.02334771, -0.048906803), (-0.07596084, 0.02334771, -0.048906803), (-0.11085652, 0.02334771, -0.014011128)]
                matrix4d primvars:skel:geomBindTransform = ( (1, 0, 0, 0), (0, 1, 0, 0), (0, 0, 1, 0), (-0.9999607801437378, -3.1709316061778736e-8, 1.497487187385559, 1) )
                int[] primvars:skel:jointIndices = [3, 0, 0, 0, 3, 0, 0, 0, 3, 0, 0, 0, 3, 0, 0, 0, 3, 0, 0, 0, 3, 0, 0, 0, 3, 0, 0, 0, 3, 0, 0, 0, 3, 0, 0, 0, 3, 0, 0, 0, 3, 0, 0, 0, 3, 0, 0, 0, 3, 0, 0, 0, 3, 0, 0, 0, 3, 0, 0, 0, 3, 0, 0, 0, 3, 0, 0, 0, 3, 0, 0, 0, 3, 0, 0, 0, 3, 0, 0, 0, 3, 0, 0, 0, 3, 0, 0, 0, 3, 0, 0, 0, 3, 0, 0, 0, 3, 0, 0, 0, 3, 0, 0, 0, 3, 0, 0, 0, 3, 0, 0, 0, 3, 0, 0, 0, 3, 0, 0, 0, 3, 0, 0, 0, 3, 0, 0, 0, 3, 0, 0, 0, 3, 0, 0, 0, 3, 0, 0, 0, 3, 0, 0, 0, 3, 0, 0, 0, 3, 0, 0, 0, 3, 0, 0, 0, 3, 0, 0, 0, 3, 0, 0, 0, 3, 0, 0, 0, 3, 0, 0, 0, 3, 0, 0, 0, 3, 0, 0, 0, 3, 0, 0, 0, 3, 0, 0, 0, 3, 0, 0, 0, 3, 0, 0, 0, 3, 0, 0, 0, 3, 0, 0, 0, 3, 0, 0, 0, 3, 0, 0, 0, 3, 0, 0, 0] (
                    elementSize = 4
                    interpolation = "vertex"
                )
                float[] primvars:skel:jointWeights = [1, 0, 0, 0, 1, 0, 0, 0, 1, 0, 0, 0, 1, 0, 0, 0, 1, 0, 0, 0, 1, 0, 0, 0, 1, 0, 0, 0, 1, 0, 0, 0, 1, 0, 0, 0, 1, 0, 0, 0, 1, 0, 0, 0, 1, 0, 0, 0, 1, 0, 0, 0, 1, 0, 0, 0, 1, 0, 0, 0, 1, 0, 0, 0, 1, 0, 0, 0, 1, 0, 0, 0, 1, 0, 0, 0, 1, 0, 0, 0, 1, 0, 0, 0, 1, 0, 0, 0, 1, 0, 0, 0, 1, 0, 0, 0, 1, 0, 0, 0, 1, 0, 0, 0, 1, 0, 0, 0, 1, 0, 0, 0, 1, 0, 0, 0, 1, 0, 0, 0, 1, 0, 0, 0, 1, 0, 0, 0, 1, 0, 0, 0, 1, 0, 0, 0, 1, 0, 0, 0, 1, 0, 0, 0, 1, 0, 0, 0, 1, 0, 0, 0, 1, 0, 0, 0, 1, 0, 0, 0, 1, 0, 0, 0, 1, 0, 0, 0, 1, 0, 0, 0, 1, 0, 0, 0, 1, 0, 0, 0, 1, 0, 0, 0, 1, 0, 0, 0, 1, 0, 0, 0, 1, 0, 0, 0, 1, 0, 0, 0, 1, 0, 0, 0, 1, 0, 0, 0, 1, 0, 0, 0, 1, 0, 0, 0] (
                    elementSize = 4
                    interpolation = "vertex"
                )
                texCoord2f[] primvars:st = [(0.5288075, 0.5961925), (0.47119254, 0.5961925), (0.4575029, 0.5825029), (0.5424971, 0.5825029), (0.5424971, 0.5825029), (0.4575029, 0.5825029), (0.44409195, 0.569092), (0.555908, 0.569092), (0.555908, 0.569092), (0.44409195, 0.569092), (0.4312327, 0.5562327), (0.5687673, 0.5562327), (0.5687673, 0.5562327), (0.4312327, 0.5562327), (0.41918692, 0.54418695), (0.58081305, 0.5441869), (0.58081305, 0.5441869), (0.41918692, 0.54418695), (0.4081998, 0.5331998), (0.59180015, 0.5331998), (0.59180015, 0.5331998), (0.4081998, 0.5331998), (0.3806404, 0.5056404), (0.6193596, 0.50564045), (0.6193596, 0.50564045), (0.3806404, 0.5056404), (0.3745069, 0.49950686), (0.62549305, 0.4995069), (0.62549305, 0.4995069), (0.3745069, 0.49950686), (0.36900234, 0.49400234), (0.63099766, 0.49400234), (0.63099766, 0.49400234), (0.36900234, 0.49400234), (0.3642387, 0.48923874), (0.63576126, 0.48923874), (0.63576126, 0.48923874), (0.3642387, 0.48923874), (0.36031306, 0.4853131), (0.63968694, 0.48531312), (0.63968694, 0.48531312), (0.36031306, 0.4853131), (0.3573053, 0.48230532), (0.6426947, 0.4823053), (0.3573053, 0.7676947), (0.3573053, 0.48230532), (0.36031306, 0.4853131), (0.36031306, 0.76468694), (0.36031306, 0.76468694), (0.36031306, 0.4853131), (0.3642387, 0.48923874), (0.36423868, 0.76076126), (0.36423868, 0.76076126), (0.3642387, 0.48923874), (0.36900234, 0.49400234), (0.36900234, 0.7559978), (0.36900234, 0.7559978), (0.36900234, 0.49400234), (0.3745069, 0.49950686), (0.3745069, 0.75049305), (0.3745069, 0.75049305), (0.3745069, 0.49950686), (0.3806404, 0.5056404), (0.38064042, 0.74435973), (0.38064042, 0.74435973), (0.3806404, 0.5056404), (0.4081998, 0.5331998), (0.40819982, 0.7168002), (0.40819982, 0.7168002), (0.4081998, 0.5331998), (0.41918692, 0.54418695), (0.41918695, 0.70581317), (0.41918695, 0.70581317), (0.41918692, 0.54418695), (0.4312327, 0.5562327), (0.4312327, 0.6937673), (0.4312327, 0.6937673), (0.4312327, 0.5562327), (0.44409195, 0.569092), (0.44409195, 0.6809081), (0.44409195, 0.6809081), (0.44409195, 0.569092), (0.4575029, 0.5825029), (0.4575029, 0.66749716), (0.4575029, 0.66749716), (0.4575029, 0.5825029), (0.47119254, 0.5961925), (0.47119248, 0.6538075), (0.6426947, 0.4823053), (0.6426947, 0.7676947), (0.63968694, 0.76468694), (0.63968694, 0.48531312), (0.63968694, 0.48531312), (0.63968694, 0.76468694), (0.63576126, 0.76076126), (0.63576126, 0.48923874), (0.63576126, 0.48923874), (0.63576126, 0.76076126), (0.63099766, 0.7559978), (0.63099766, 0.49400234), (0.63099766, 0.49400234), (0.63099766, 0.7559978), (0.6254931, 0.75049305), (0.62549305, 0.4995069), (0.62549305, 0.4995069), (0.6254931, 0.75049305), (0.6193596, 0.7443596), (0.6193596, 0.50564045), (0.6193596, 0.50564045), (0.6193596, 0.7443596), (0.5918002, 0.71680015), (0.59180015, 0.5331998), (0.59180015, 0.5331998), (0.5918002, 0.71680015), (0.58081305, 0.7058131), (0.58081305, 0.5441869), (0.58081305, 0.5441869), (0.58081305, 0.7058131), (0.5687673, 0.69376725), (0.5687673, 0.5562327), (0.5687673, 0.5562327), (0.5687673, 0.69376725), (0.555908, 0.6809081), (0.555908, 0.569092), (0.555908, 0.569092), (0.555908, 0.6809081), (0.5424971, 0.66749716), (0.5424971, 0.5825029), (0.5424971, 0.5825029), (0.5424971, 0.66749716), (0.5288075, 0.6538075), (0.5288075, 0.5961925), (0.6426947, 0.7676947), (0.3573053, 0.7676947), (0.36031306, 0.76468694), (0.63968694, 0.76468694), (0.63968694, 0.76468694), (0.36031306, 0.76468694), (0.36423868, 0.76076126), (0.63576126, 0.76076126), (0.63576126, 0.76076126), (0.36423868, 0.76076126), (0.36900234, 0.7559978), (0.63099766, 0.7559978), (0.63099766, 0.7559978), (0.36900234, 0.7559978), (0.3745069, 0.75049305), (0.6254931, 0.75049305), (0.6254931, 0.75049305), (0.3745069, 0.75049305), (0.38064042, 0.74435973), (0.6193596, 0.7443596), (0.6193596, 0.7443596), (0.38064042, 0.74435973), (0.40819982, 0.7168002), (0.5918002, 0.71680015), (0.5918002, 0.71680015), (0.40819982, 0.7168002), (0.41918695, 0.70581317), (0.58081305, 0.7058131), (0.58081305, 0.7058131), (0.41918695, 0.70581317), (0.4312327, 0.6937673), (0.5687673, 0.69376725), (0.5687673, 0.69376725), (0.4312327, 0.6937673), (0.44409195, 0.6809081), (0.555908, 0.6809081), (0.555908, 0.6809081), (0.44409195, 0.6809081), (0.4575029, 0.66749716), (0.5424971, 0.66749716), (0.5424971, 0.66749716), (0.4575029, 0.66749716), (0.47119248, 0.6538075), (0.5288075, 0.6538075), (0.47119254, 0.5961925), (0.5288075, 0.5961925), (0.5288075, 0.6538075), (0.47119248, 0.6538075), (0.6426947, 0.4823053), (0.875, 0.5), (0.875, 0.75), (0.6426947, 0.7676947), (0.15659362, 0.49759352), (0.15659362, 0.7524065), (0.125, 0.75), (0.125, 0.5), (0.15659362, 0.49759352), (0.3573053, 0.48230532), (0.3573053, 0.7676947), (0.15659362, 0.7524065), (0.46418923, 0), (0.625, 0), (0.625, 0.25), (0.46418923, 0.25), (0.3573053, 0.7676947), (0.6426947, 0.7676947), (0.625, 1), (0.46418923, 1), (0.3725935, 0.9684064), (0.3725935, 0.28159362), (0.46418923, 0.25), (0.625, 0.25), (0.6426947, 0.4823053), (0.3573053, 0.48230532)] (
                    interpolation = "faceVarying"
                )
                rel skel:skeleton = </roboticArm/SkelRoot/Rig/Armature_render>
                matrix4d xformOp:transform = ( (1, 0, 0, 0), (0, 1, 0, 0), (0, 0, 1, 0), (-0.9999607801437378, -3.1709316061778736e-8, 1.497487187385559, 1) )
                uniform token[] xformOpOrder = ["xformOp:transform"]
            }

            def Mesh "weldingEnd" (
                prepend apiSchemas = ["SkelBindingAPI"]
            )
            {
                int[] faceVertexCounts = [32, 4, 4, 4, 4, 4, 4, 4, 4, 4, 4, 4, 4, 4, 4, 4, 4, 4, 4, 4, 4, 4, 4, 4, 4, 4, 4, 4, 4, 4, 4, 4, 4, 4, 4, 4, 4, 4, 4, 4, 4, 4, 4, 4, 4, 4, 4, 4, 4, 4, 4, 4, 4, 4, 4, 4, 4, 4, 4, 4, 4, 4, 4, 4, 4, 4, 4, 4, 4, 4, 4, 4, 4, 4, 4, 4, 4, 4, 4, 4, 4, 4, 4, 4, 4, 4, 4, 4, 4, 4, 4, 4, 4, 4, 4, 4, 4, 4, 4, 4, 4, 4, 4, 4, 4, 4, 4, 4, 4, 4, 4, 4, 4, 4, 4, 4, 4, 4, 4, 4, 4, 4, 4, 4, 4, 4, 4, 4, 4, 4, 4, 4, 4, 4, 4, 4, 4, 4, 4, 4, 4, 4, 4, 4, 4, 4, 4, 4, 4, 4, 4, 4, 4, 4, 4, 4, 4, 4, 4, 4, 4, 4, 4, 4, 4, 4, 4, 4, 4, 4, 4, 4, 4, 4, 4, 4, 4, 4, 4, 4, 4, 4, 4, 4, 4, 4, 4, 4, 4, 4, 4, 4, 4, 4, 4, 4, 4, 4, 4, 4, 4, 4, 4, 4, 4, 4, 4, 4, 4, 4, 4, 4, 4, 4, 4, 4, 4, 4, 4, 4, 4, 4, 4, 4, 4, 4, 4, 4, 4, 4, 4, 4, 4, 4, 4, 4, 4, 4, 4, 4, 4, 4, 4, 4, 4, 4, 4, 4, 4, 4, 4, 4, 4, 4, 4, 4, 4, 4, 4, 4, 4, 4, 4, 4, 4, 4, 4, 4, 4, 4, 4, 4, 4, 4, 4, 4, 4, 4, 4, 4, 4, 4, 4, 4, 4, 4, 4, 4, 4, 4, 4, 4, 4, 4, 4, 4, 4, 4, 4, 4, 4, 4, 4, 4, 4, 4, 4, 4, 4, 4, 4, 4, 4, 4, 4, 4, 4, 4, 4, 4, 4, 4, 4, 4, 4, 4, 4, 4, 4, 4, 4, 4, 4, 4, 4, 4, 4, 4, 4, 4, 4, 4, 4, 4, 4, 4, 4, 4, 4, 4, 4, 4, 4, 4, 4, 4, 4, 4, 4, 4, 4, 4, 4, 4, 4, 4, 4, 4, 4, 4, 4, 4, 4, 4, 4, 4, 4, 4, 4, 4, 4, 4, 4, 4, 4, 4, 4, 4, 4, 4, 4, 4, 4, 4, 4, 4, 4, 4, 4, 4, 4, 4, 4, 4, 4, 4, 4, 4, 4, 4, 4, 4, 4, 4, 4, 4, 4, 4, 4, 4, 4, 4, 4, 4, 4, 4, 4, 4, 4, 4, 4, 4, 4, 4, 4, 4, 4, 4, 4, 4, 4, 4, 4, 4, 4, 4, 4, 4, 4, 4, 4, 4, 4, 4, 4, 4, 4, 4, 4, 4, 4, 4, 4, 4, 4, 4, 4, 4, 4, 4, 4, 4, 4, 4, 4, 4, 4, 4, 4, 4, 4, 4, 4, 4, 4, 4, 4, 4, 4, 4, 4, 4, 4, 4, 4, 4, 4, 4, 4, 4, 4, 4, 4, 4, 4, 4, 4, 4, 4, 4, 4, 4, 4, 4, 4, 4, 4, 4, 4, 4, 4, 4, 4, 4, 4, 4, 4, 4, 4, 4, 4, 4, 4, 4, 4, 4, 4, 4, 4, 4, 4, 4, 4, 4, 4, 4, 4, 4, 4, 4, 4, 4, 4, 4, 4, 4, 4, 4, 4, 4, 4, 4, 4, 4, 4, 4, 4, 4, 4, 4, 4, 4, 4, 4, 4, 4, 4, 4, 4, 4, 4, 4, 4, 4, 4, 4, 4, 4, 4, 4, 4, 4, 4, 4, 4, 4, 4, 4, 4, 4, 4, 4, 4, 4, 4, 4, 4, 4, 4, 4, 4, 4, 4, 4, 4, 4, 4, 4, 4, 4, 4, 4, 4, 4, 4, 4, 4, 4, 4, 4, 4, 4, 4, 4, 4, 4, 4, 4, 4, 4, 4, 4, 4, 4, 4, 4, 4, 4, 4, 4, 4, 4, 4, 4, 4, 4, 4, 4, 4, 4, 4, 4, 4, 4, 4, 4, 4, 4, 4, 4, 4, 4, 4, 4, 4, 4, 4, 4, 4, 4, 4, 4, 4, 4, 4, 4, 4, 4, 4, 4, 4, 4, 4, 4, 4, 4, 4, 4, 4, 4, 4, 4, 4, 4, 4, 4, 4, 4, 4, 4, 4, 4, 4, 4, 4, 4, 4, 4, 4, 4, 4, 4, 4, 4, 4, 4, 4, 4, 4, 4, 4, 4, 4, 4, 4, 4, 4, 4, 4, 4, 4, 4, 4, 4, 4, 4, 4, 4, 4, 4, 4, 4, 4, 4, 4, 4, 4, 4, 4, 4, 4, 4, 4, 4, 4, 4, 4, 4, 4, 4, 4, 4, 4, 4, 4, 4, 4, 4, 4, 4, 4, 4, 4, 4, 4, 4, 4, 4, 4, 4, 4, 4, 4, 4, 4, 4, 4, 4, 4, 4, 4, 4, 4, 4, 4, 4, 4, 4, 4, 4, 4, 4, 4, 4, 4, 4, 4, 4, 4, 4, 4, 4, 4, 4, 4, 4, 4, 4, 4, 4, 4, 4, 4, 4, 4, 4, 4, 4, 4, 4, 4, 4, 4, 4, 4, 4, 4, 4, 4, 4, 4, 4, 4, 4, 4, 4, 4, 4, 4, 4, 4, 4, 4, 4, 4, 4, 4, 4, 4, 4, 4, 4, 4, 4, 4, 4, 4, 4, 4, 4, 4, 4, 4, 4, 4, 4, 4, 4, 4, 4, 4, 4, 4, 4, 4, 4, 4]
                int[] faceVertexIndices = [65, 66, 67, 68, 69, 70, 71, 72, 73, 74, 75, 76, 77, 78, 79, 80, 81, 82, 83, 84, 85, 86, 87, 88, 89, 90, 91, 92, 93, 94, 95, 64, 33, 131, 96, 32, 131, 130, 97, 96, 130, 129, 98, 97, 129, 128, 99, 98, 128, 127, 100, 99, 127, 126, 101, 100, 126, 125, 102, 101, 125, 124, 103, 102, 124, 123, 104, 103, 123, 122, 105, 104, 122, 121, 106, 105, 121, 120, 107, 106, 120, 119, 108, 107, 119, 118, 109, 108, 118, 117, 110, 109, 117, 116, 111, 110, 116, 115, 112, 111, 115, 114, 113, 112, 114, 65, 64, 113, 34, 149, 131, 33, 149, 148, 130, 131, 148, 147, 129, 130, 147, 146, 128, 129, 146, 145, 127, 128, 145, 144, 126, 127, 144, 143, 125, 126, 143, 142, 124, 125, 142, 141, 123, 124, 141, 140, 122, 123, 140, 139, 121, 122, 139, 138, 120, 121, 138, 137, 119, 120, 137, 136, 118, 119, 136, 135, 117, 118, 135, 134, 116, 117, 134, 133, 115, 116, 133, 132, 114, 115, 132, 66, 65, 114, 35, 167, 149, 34, 167, 166, 148, 149, 166, 165, 147, 148, 165, 164, 146, 147, 164, 163, 145, 146, 163, 162, 144, 145, 162, 161, 143, 144, 161, 160, 142, 143, 160, 159, 141, 142, 159, 158, 140, 141, 158, 157, 139, 140, 157, 156, 138, 139, 156, 155, 137, 138, 155, 154, 136, 137, 154, 153, 135, 136, 153, 152, 134, 135, 152, 151, 133, 134, 151, 150, 132, 133, 150, 67, 66, 132, 36, 185, 167, 35, 185, 184, 166, 167, 184, 183, 165, 166, 183, 182, 164, 165, 182, 181, 163, 164, 181, 180, 162, 163, 180, 179, 161, 162, 179, 178, 160, 161, 178, 177, 159, 160, 177, 176, 158, 159, 176, 175, 157, 158, 175, 174, 156, 157, 174, 173, 155, 156, 173, 172, 154, 155, 172, 171, 153, 154, 171, 170, 152, 153, 170, 169, 151, 152, 169, 168, 150, 151, 168, 68, 67, 150, 37, 203, 185, 36, 203, 202, 184, 185, 202, 201, 183, 184, 201, 200, 182, 183, 200, 199, 181, 182, 199, 198, 180, 181, 198, 197, 179, 180, 197, 196, 178, 179, 196, 195, 177, 178, 195, 194, 176, 177, 194, 193, 175, 176, 193, 192, 174, 175, 192, 191, 173, 174, 191, 190, 172, 173, 190, 189, 171, 172, 189, 188, 170, 171, 188, 187, 169, 170, 187, 186, 168, 169, 186, 69, 68, 168, 38, 221, 203, 37, 221, 220, 202, 203, 220, 219, 201, 202, 219, 218, 200, 201, 218, 217, 199, 200, 217, 216, 198, 199, 216, 215, 197, 198, 215, 214, 196, 197, 214, 213, 195, 196, 213, 212, 194, 195, 212, 211, 193, 194, 211, 210, 192, 193, 210, 209, 191, 192, 209, 208, 190, 191, 208, 207, 189, 190, 207, 206, 188, 189, 206, 205, 187, 188, 205, 204, 186, 187, 204, 70, 69, 186, 39, 239, 221, 38, 239, 238, 220, 221, 238, 237, 219, 220, 237, 236, 218, 219, 236, 235, 217, 218, 235, 234, 216, 217, 234, 233, 215, 216, 233, 232, 214, 215, 232, 231, 213, 214, 231, 230, 212, 213, 230, 229, 211, 212, 229, 228, 210, 211, 228, 227, 209, 210, 227, 226, 208, 209, 226, 225, 207, 208, 225, 224, 206, 207, 224, 223, 205, 206, 223, 222, 204, 205, 222, 71, 70, 204, 40, 257, 239, 39, 257, 256, 238, 239, 256, 255, 237, 238, 255, 254, 236, 237, 254, 253, 235, 236, 253, 252, 234, 235, 252, 251, 233, 234, 251, 250, 232, 233, 250, 249, 231, 232, 249, 248, 230, 231, 248, 247, 229, 230, 247, 246, 228, 229, 246, 245, 227, 228, 245, 244, 226, 227, 244, 243, 225, 226, 243, 242, 224, 225, 242, 241, 223, 224, 241, 240, 222, 223, 240, 72, 71, 222, 41, 275, 257, 40, 275, 274, 256, 257, 274, 273, 255, 256, 273, 272, 254, 255, 272, 271, 253, 254, 271, 270, 252, 253, 270, 269, 251, 252, 269, 268, 250, 251, 268, 267, 249, 250, 267, 266, 248, 249, 266, 265, 247, 248, 265, 264, 246, 247, 264, 263, 245, 246, 263, 262, 244, 245, 262, 261, 243, 244, 261, 260, 242, 243, 260, 259, 241, 242, 259, 258, 240, 241, 258, 73, 72, 240, 42, 293, 275, 41, 293, 292, 274, 275, 292, 291, 273, 274, 291, 290, 272, 273, 290, 289, 271, 272, 289, 288, 270, 271, 288, 287, 269, 270, 287, 286, 268, 269, 286, 285, 267, 268, 285, 284, 266, 267, 284, 283, 265, 266, 283, 282, 264, 265, 282, 281, 263, 264, 281, 280, 262, 263, 280, 279, 261, 262, 279, 278, 260, 261, 278, 277, 259, 260, 277, 276, 258, 259, 276, 74, 73, 258, 43, 311, 293, 42, 311, 310, 292, 293, 310, 309, 291, 292, 309, 308, 290, 291, 308, 307, 289, 290, 307, 306, 288, 289, 306, 305, 287, 288, 305, 304, 286, 287, 304, 303, 285, 286, 303, 302, 284, 285, 302, 301, 283, 284, 301, 300, 282, 283, 300, 299, 281, 282, 299, 298, 280, 281, 298, 297, 279, 280, 297, 296, 278, 279, 296, 295, 277, 278, 295, 294, 276, 277, 294, 75, 74, 276, 44, 329, 311, 43, 329, 328, 310, 311, 328, 327, 309, 310, 327, 326, 308, 309, 326, 325, 307, 308, 325, 324, 306, 307, 324, 323, 305, 306, 323, 322, 304, 305, 322, 321, 303, 304, 321, 320, 302, 303, 320, 319, 301, 302, 319, 318, 300, 301, 318, 317, 299, 300, 317, 316, 298, 299, 316, 315, 297, 298, 315, 314, 296, 297, 314, 313, 295, 296, 313, 312, 294, 295, 312, 76, 75, 294, 45, 347, 329, 44, 347, 346, 328, 329, 346, 345, 327, 328, 345, 344, 326, 327, 344, 343, 325, 326, 343, 342, 324, 325, 342, 341, 323, 324, 341, 340, 322, 323, 340, 339, 321, 322, 339, 338, 320, 321, 338, 337, 319, 320, 337, 336, 318, 319, 336, 335, 317, 318, 335, 334, 316, 317, 334, 333, 315, 316, 333, 332, 314, 315, 332, 331, 313, 314, 331, 330, 312, 313, 330, 77, 76, 312, 46, 365, 347, 45, 365, 364, 346, 347, 364, 363, 345, 346, 363, 362, 344, 345, 362, 361, 343, 344, 361, 360, 342, 343, 360, 359, 341, 342, 359, 358, 340, 341, 358, 357, 339, 340, 357, 356, 338, 339, 356, 355, 337, 338, 355, 354, 336, 337, 354, 353, 335, 336, 353, 352, 334, 335, 352, 351, 333, 334, 351, 350, 332, 333, 350, 349, 331, 332, 349, 348, 330, 331, 348, 78, 77, 330, 47, 383, 365, 46, 383, 382, 364, 365, 382, 381, 363, 364, 381, 380, 362, 363, 380, 379, 361, 362, 379, 378, 360, 361, 378, 377, 359, 360, 377, 376, 358, 359, 376, 375, 357, 358, 375, 374, 356, 357, 374, 373, 355, 356, 373, 372, 354, 355, 372, 371, 353, 354, 371, 370, 352, 353, 370, 369, 351, 352, 369, 368, 350, 351, 368, 367, 349, 350, 367, 366, 348, 349, 366, 79, 78, 348, 48, 401, 383, 47, 401, 400, 382, 383, 400, 399, 381, 382, 399, 398, 380, 381, 398, 397, 379, 380, 397, 396, 378, 379, 396, 395, 377, 378, 395, 394, 376, 377, 394, 393, 375, 376, 393, 392, 374, 375, 392, 391, 373, 374, 391, 390, 372, 373, 390, 389, 371, 372, 389, 388, 370, 371, 388, 387, 369, 370, 387, 386, 368, 369, 386, 385, 367, 368, 385, 384, 366, 367, 384, 80, 79, 366, 49, 419, 401, 48, 419, 418, 400, 401, 418, 417, 399, 400, 417, 416, 398, 399, 416, 415, 397, 398, 415, 414, 396, 397, 414, 413, 395, 396, 413, 412, 394, 395, 412, 411, 393, 394, 411, 410, 392, 393, 410, 409, 391, 392, 409, 408, 390, 391, 408, 407, 389, 390, 407, 406, 388, 389, 406, 405, 387, 388, 405, 404, 386, 387, 404, 403, 385, 386, 403, 402, 384, 385, 402, 81, 80, 384, 50, 437, 419, 49, 437, 436, 418, 419, 436, 435, 417, 418, 435, 434, 416, 417, 434, 433, 415, 416, 433, 432, 414, 415, 432, 431, 413, 414, 431, 430, 412, 413, 430, 429, 411, 412, 429, 428, 410, 411, 428, 427, 409, 410, 427, 426, 408, 409, 426, 425, 407, 408, 425, 424, 406, 407, 424, 423, 405, 406, 423, 422, 404, 405, 422, 421, 403, 404, 421, 420, 402, 403, 420, 82, 81, 402, 51, 455, 437, 50, 455, 454, 436, 437, 454, 453, 435, 436, 453, 452, 434, 435, 452, 451, 433, 434, 451, 450, 432, 433, 450, 449, 431, 432, 449, 448, 430, 431, 448, 447, 429, 430, 447, 446, 428, 429, 446, 445, 427, 428, 445, 444, 426, 427, 444, 443, 425, 426, 443, 442, 424, 425, 442, 441, 423, 424, 441, 440, 422, 423, 440, 439, 421, 422, 439, 438, 420, 421, 438, 83, 82, 420, 52, 473, 455, 51, 473, 472, 454, 455, 472, 471, 453, 454, 471, 470, 452, 453, 470, 469, 451, 452, 469, 468, 450, 451, 468, 467, 449, 450, 467, 466, 448, 449, 466, 465, 447, 448, 465, 464, 446, 447, 464, 463, 445, 446, 463, 462, 444, 445, 462, 461, 443, 444, 461, 460, 442, 443, 460, 459, 441, 442, 459, 458, 440, 441, 458, 457, 439, 440, 457, 456, 438, 439, 456, 84, 83, 438, 53, 491, 473, 52, 491, 490, 472, 473, 490, 489, 471, 472, 489, 488, 470, 471, 488, 487, 469, 470, 487, 486, 468, 469, 486, 485, 467, 468, 485, 484, 466, 467, 484, 483, 465, 466, 483, 482, 464, 465, 482, 481, 463, 464, 481, 480, 462, 463, 480, 479, 461, 462, 479, 478, 460, 461, 478, 477, 459, 460, 477, 476, 458, 459, 476, 475, 457, 458, 475, 474, 456, 457, 474, 85, 84, 456, 54, 509, 491, 53, 509, 508, 490, 491, 508, 507, 489, 490, 507, 506, 488, 489, 506, 505, 487, 488, 505, 504, 486, 487, 504, 503, 485, 486, 503, 502, 484, 485, 502, 501, 483, 484, 501, 500, 482, 483, 500, 499, 481, 482, 499, 498, 480, 481, 498, 497, 479, 480, 497, 496, 478, 479, 496, 495, 477, 478, 495, 494, 476, 477, 494, 493, 475, 476, 493, 492, 474, 475, 492, 86, 85, 474, 55, 527, 509, 54, 527, 526, 508, 509, 526, 525, 507, 508, 525, 524, 506, 507, 524, 523, 505, 506, 523, 522, 504, 505, 522, 521, 503, 504, 521, 520, 502, 503, 520, 519, 501, 502, 519, 518, 500, 501, 518, 517, 499, 500, 517, 516, 498, 499, 516, 515, 497, 498, 515, 514, 496, 497, 514, 513, 495, 496, 513, 512, 494, 495, 512, 511, 493, 494, 511, 510, 492, 493, 510, 87, 86, 492, 56, 545, 527, 55, 545, 544, 526, 527, 544, 543, 525, 526, 543, 542, 524, 525, 542, 541, 523, 524, 541, 540, 522, 523, 540, 539, 521, 522, 539, 538, 520, 521, 538, 537, 519, 520, 537, 536, 518, 519, 536, 535, 517, 518, 535, 534, 516, 517, 534, 533, 515, 516, 533, 532, 514, 515, 532, 531, 513, 514, 531, 530, 512, 513, 530, 529, 511, 512, 529, 528, 510, 511, 528, 88, 87, 510, 57, 563, 545, 56, 563, 562, 544, 545, 562, 561, 543, 544, 561, 560, 542, 543, 560, 559, 541, 542, 559, 558, 540, 541, 558, 557, 539, 540, 557, 556, 538, 539, 556, 555, 537, 538, 555, 554, 536, 537, 554, 553, 535, 536, 553, 552, 534, 535, 552, 551, 533, 534, 551, 550, 532, 533, 550, 549, 531, 532, 549, 548, 530, 531, 548, 547, 529, 530, 547, 546, 528, 529, 546, 89, 88, 528, 58, 581, 563, 57, 581, 580, 562, 563, 580, 579, 561, 562, 579, 578, 560, 561, 578, 577, 559, 560, 577, 576, 558, 559, 576, 575, 557, 558, 575, 574, 556, 557, 574, 573, 555, 556, 573, 572, 554, 555, 572, 571, 553, 554, 571, 570, 552, 553, 570, 569, 551, 552, 569, 568, 550, 551, 568, 567, 549, 550, 567, 566, 548, 549, 566, 565, 547, 548, 565, 564, 546, 547, 564, 90, 89, 546, 59, 599, 581, 58, 599, 598, 580, 581, 598, 597, 579, 580, 597, 596, 578, 579, 596, 595, 577, 578, 595, 594, 576, 577, 594, 593, 575, 576, 593, 592, 574, 575, 592, 591, 573, 574, 591, 590, 572, 573, 590, 589, 571, 572, 589, 588, 570, 571, 588, 587, 569, 570, 587, 586, 568, 569, 586, 585, 567, 568, 585, 584, 566, 567, 584, 583, 565, 566, 583, 582, 564, 565, 582, 91, 90, 564, 60, 617, 599, 59, 617, 616, 598, 599, 616, 615, 597, 598, 615, 614, 596, 597, 614, 613, 595, 596, 613, 612, 594, 595, 612, 611, 593, 594, 611, 610, 592, 593, 610, 609, 591, 592, 609, 608, 590, 591, 608, 607, 589, 590, 607, 606, 588, 589, 606, 605, 587, 588, 605, 604, 586, 587, 604, 603, 585, 586, 603, 602, 584, 585, 602, 601, 583, 584, 601, 600, 582, 583, 600, 92, 91, 582, 61, 635, 617, 60, 635, 634, 616, 617, 634, 633, 615, 616, 633, 632, 614, 615, 632, 631, 613, 614, 631, 630, 612, 613, 630, 629, 611, 612, 629, 628, 610, 611, 628, 627, 609, 610, 627, 626, 608, 609, 626, 625, 607, 608, 625, 624, 606, 607, 624, 623, 605, 606, 623, 622, 604, 605, 622, 621, 603, 604, 621, 620, 602, 603, 620, 619, 601, 602, 619, 618, 600, 601, 618, 93, 92, 600, 62, 653, 635, 61, 653, 652, 634, 635, 652, 651, 633, 634, 651, 650, 632, 633, 650, 649, 631, 632, 649, 648, 630, 631, 648, 647, 629, 630, 647, 646, 628, 629, 646, 645, 627, 628, 645, 644, 626, 627, 644, 643, 625, 626, 643, 642, 624, 625, 642, 641, 623, 624, 641, 640, 622, 623, 640, 639, 621, 622, 639, 638, 620, 621, 638, 637, 619, 620, 637, 636, 618, 619, 636, 94, 93, 618, 63, 671, 653, 62, 671, 670, 652, 653, 670, 669, 651, 652, 669, 668, 650, 651, 668, 667, 649, 650, 667, 666, 648, 649, 666, 665, 647, 648, 665, 664, 646, 647, 664, 663, 645, 646, 663, 662, 644, 645, 662, 661, 643, 644, 661, 660, 642, 643, 660, 659, 641, 642, 659, 658, 640, 641, 658, 657, 639, 640, 657, 656, 638, 639, 656, 655, 637, 638, 655, 654, 636, 637, 654, 95, 94, 636, 32, 96, 671, 63, 96, 97, 670, 671, 97, 98, 669, 670, 98, 99, 668, 669, 99, 100, 667, 668, 100, 101, 666, 667, 101, 102, 665, 666, 102, 103, 664, 665, 103, 104, 663, 664, 104, 105, 662, 663, 105, 106, 661, 662, 106, 107, 660, 661, 107, 108, 659, 660, 108, 109, 658, 659, 109, 110, 657, 658, 110, 111, 656, 657, 111, 112, 655, 656, 112, 113, 654, 655, 113, 64, 95, 654, 681, 687, 674, 672, 687, 686, 675, 674, 686, 685, 676, 675, 685, 684, 677, 676, 684, 683, 678, 677, 683, 682, 679, 678, 682, 680, 673, 679, 689, 695, 687, 681, 695, 694, 686, 687, 694, 693, 685, 686, 693, 692, 684, 685, 692, 691, 683, 684, 691, 690, 682, 683, 690, 688, 680, 682, 697, 703, 695, 689, 703, 702, 694, 695, 702, 701, 693, 694, 701, 700, 692, 693, 700, 699, 691, 692, 699, 698, 690, 691, 698, 696, 688, 690, 705, 711, 703, 697, 711, 710, 702, 703, 710, 709, 701, 702, 709, 708, 700, 701, 708, 707, 699, 700, 707, 706, 698, 699, 706, 704, 696, 698, 713, 719, 711, 705, 719, 718, 710, 711, 718, 717, 709, 710, 717, 716, 708, 709, 716, 715, 707, 708, 715, 714, 706, 707, 714, 712, 704, 706, 721, 727, 719, 713, 727, 726, 718, 719, 726, 725, 717, 718, 725, 724, 716, 717, 724, 723, 715, 716, 723, 722, 714, 715, 722, 720, 712, 714, 729, 735, 727, 721, 735, 734, 726, 727, 734, 733, 725, 726, 733, 732, 724, 725, 732, 731, 723, 724, 731, 730, 722, 723, 730, 728, 720, 722, 737, 743, 735, 729, 743, 742, 734, 735, 742, 741, 733, 734, 741, 740, 732, 733, 740, 739, 731, 732, 739, 738, 730, 731, 738, 736, 728, 730, 745, 751, 743, 737, 751, 750, 742, 743, 750, 749, 741, 742, 749, 748, 740, 741, 748, 747, 739, 740, 747, 746, 738, 739, 746, 744, 736, 738, 753, 759, 751, 745, 759, 758, 750, 751, 758, 757, 749, 750, 757, 756, 748, 749, 756, 755, 747, 748, 755, 754, 746, 747, 754, 752, 744, 746, 761, 767, 759, 753, 767, 766, 758, 759, 766, 765, 757, 758, 765, 764, 756, 757, 764, 763, 755, 756, 763, 762, 754, 755, 762, 760, 752, 754, 769, 775, 767, 761, 775, 774, 766, 767, 774, 773, 765, 766, 773, 772, 764, 765, 772, 771, 763, 764, 771, 770, 762, 763, 770, 768, 760, 762, 777, 783, 775, 769, 783, 782, 774, 775, 782, 781, 773, 774, 781, 780, 772, 773, 780, 779, 771, 772, 779, 778, 770, 771, 778, 776, 768, 770, 785, 791, 783, 777, 791, 790, 782, 783, 790, 789, 781, 782, 789, 788, 780, 781, 788, 787, 779, 780, 787, 786, 778, 779, 786, 784, 776, 778, 793, 799, 791, 785, 799, 798, 790, 791, 798, 797, 789, 790, 797, 796, 788, 789, 796, 795, 787, 788, 795, 794, 786, 787, 794, 792, 784, 786, 801, 807, 799, 793, 807, 806, 798, 799, 806, 805, 797, 798, 805, 804, 796, 797, 804, 803, 795, 796, 803, 802, 794, 795, 802, 800, 792, 794, 809, 815, 807, 801, 815, 814, 806, 807, 814, 813, 805, 806, 813, 812, 804, 805, 812, 811, 803, 804, 811, 810, 802, 803, 810, 808, 800, 802, 817, 823, 815, 809, 823, 822, 814, 815, 822, 821, 813, 814, 821, 820, 812, 813, 820, 819, 811, 812, 819, 818, 810, 811, 818, 816, 808, 810, 825, 831, 823, 817, 831, 830, 822, 823, 830, 829, 821, 822, 829, 828, 820, 821, 828, 827, 819, 820, 827, 826, 818, 819, 826, 824, 816, 818, 833, 839, 831, 825, 839, 838, 830, 831, 838, 837, 829, 830, 837, 836, 828, 829, 836, 835, 827, 828, 835, 834, 826, 827, 834, 832, 824, 826, 841, 847, 839, 833, 847, 846, 838, 839, 846, 845, 837, 838, 845, 844, 836, 837, 844, 843, 835, 836, 843, 842, 834, 835, 842, 840, 832, 834, 849, 855, 847, 841, 855, 854, 846, 847, 854, 853, 845, 846, 853, 852, 844, 845, 852, 851, 843, 844, 851, 850, 842, 843, 850, 848, 840, 842, 857, 863, 855, 849, 863, 862, 854, 855, 862, 861, 853, 854, 861, 860, 852, 853, 860, 859, 851, 852, 859, 858, 850, 851, 858, 856, 848, 850, 865, 871, 863, 857, 871, 870, 862, 863, 870, 869, 861, 862, 869, 868, 860, 861, 868, 867, 859, 860, 867, 866, 858, 859, 866, 864, 856, 858, 873, 879, 871, 865, 879, 878, 870, 871, 878, 877, 869, 870, 877, 876, 868, 869, 876, 875, 867, 868, 875, 874, 866, 867, 874, 872, 864, 866, 881, 887, 879, 873, 887, 886, 878, 879, 886, 885, 877, 878, 885, 884, 876, 877, 884, 883, 875, 876, 883, 882, 874, 875, 882, 880, 872, 874, 889, 895, 887, 881, 895, 894, 886, 887, 894, 893, 885, 886, 893, 892, 884, 885, 892, 891, 883, 884, 891, 890, 882, 883, 890, 888, 880, 882, 897, 903, 895, 889, 903, 902, 894, 895, 902, 901, 893, 894, 901, 900, 892, 893, 900, 899, 891, 892, 899, 898, 890, 891, 898, 896, 888, 890, 905, 911, 903, 897, 911, 910, 902, 903, 910, 909, 901, 902, 909, 908, 900, 901, 908, 907, 899, 900, 907, 906, 898, 899, 906, 904, 896, 898, 913, 919, 911, 905, 919, 918, 910, 911, 918, 917, 909, 910, 917, 916, 908, 909, 916, 915, 907, 908, 915, 914, 906, 907, 914, 912, 904, 906, 921, 927, 919, 913, 927, 926, 918, 919, 926, 925, 917, 918, 925, 924, 916, 917, 924, 923, 915, 916, 923, 922, 914, 915, 922, 920, 912, 914, 672, 674, 927, 921, 674, 675, 926, 927, 675, 676, 925, 926, 676, 677, 924, 925, 677, 678, 923, 924, 678, 679, 922, 923, 679, 673, 920, 922, 680, 33, 32, 673, 1, 681, 672, 0, 673, 32, 63, 920, 0, 672, 921, 31, 2, 689, 681, 1, 688, 34, 33, 680, 3, 697, 689, 2, 696, 35, 34, 688, 4, 705, 697, 3, 704, 36, 35, 696, 5, 713, 705, 4, 712, 37, 36, 704, 6, 721, 713, 5, 720, 38, 37, 712, 7, 729, 721, 6, 728, 39, 38, 720, 8, 737, 729, 7, 736, 40, 39, 728, 9, 745, 737, 8, 744, 41, 40, 736, 10, 753, 745, 9, 752, 42, 41, 744, 11, 761, 753, 10, 760, 43, 42, 752, 12, 769, 761, 11, 768, 44, 43, 760, 13, 777, 769, 12, 776, 45, 44, 768, 14, 785, 777, 13, 784, 46, 45, 776, 15, 793, 785, 14, 792, 47, 46, 784, 16, 801, 793, 15, 800, 48, 47, 792, 17, 809, 801, 16, 808, 49, 48, 800, 18, 817, 809, 17, 816, 50, 49, 808, 19, 825, 817, 18, 824, 51, 50, 816, 20, 833, 825, 19, 832, 52, 51, 824, 21, 841, 833, 20, 840, 53, 52, 832, 22, 849, 841, 21, 848, 54, 53, 840, 23, 857, 849, 22, 856, 55, 54, 848, 24, 865, 857, 23, 864, 56, 55, 856, 25, 873, 865, 24, 872, 57, 56, 864, 26, 881, 873, 25, 880, 58, 57, 872, 27, 889, 881, 26, 888, 59, 58, 880, 28, 897, 889, 27, 896, 60, 59, 888, 29, 905, 897, 28, 904, 61, 60, 896, 30, 913, 905, 29, 912, 62, 61, 904, 31, 921, 913, 30, 920, 63, 62, 912]
                point3f[] points = [(-0.09626378, -0.01689282, 0.017447503), (-0.09626378, -0.016568236, 0.02074312), (-0.09626378, -0.0156069305, 0.023912108), (-0.09626378, -0.0140458755, 0.026832636), (-0.09626378, -0.011945035, 0.029392514), (-0.09626378, -0.009385167, 0.031493347), (-0.09626378, -0.00646462, 0.033054404), (-0.09626378, -0.0032956498, 0.034015704), (-0.09626378, -3.0625042e-8, 0.034340303), (-0.09626378, 0.0032955913, 0.034015704), (-0.09626378, 0.0064645605, 0.033054404), (-0.09626378, 0.009385101, 0.031493347), (-0.09626378, 0.011944979, 0.029392514), (-0.09626378, 0.014045809, 0.026832636), (-0.09626378, 0.015606864, 0.023912108), (-0.09626378, 0.016568169, 0.02074312), (-0.09626378, 0.016892765, 0.017447503), (-0.09626378, 0.016568169, 0.014151884), (-0.09626378, 0.015606864, 0.01098292), (-0.09626378, 0.014045809, 0.008062391), (-0.09626378, 0.011944979, 0.0055024903), (-0.09626378, 0.0093851, 0.0034016566), (-0.09626378, 0.006464559, 0.0018406234), (-0.09626378, 0.00329559, 0.00087932585), (-0.09626378, -3.178147e-8, 0.00055472663), (-0.09626378, -0.0032956512, 0.00087932585), (-0.09626378, -0.0064646215, 0.0018406234), (-0.09626378, -0.009385168, 0.0034016566), (-0.09626378, -0.011945035, 0.0055024917), (-0.09626378, -0.0140458755, 0.008062392), (-0.09626378, -0.0156069305, 0.010982921), (-0.09626378, -0.016568236, 0.014151884), (-0.30269754, -0.01689282, -0.025869511), (-0.30420965, -0.016568236, -0.022853993), (-0.30566373, -0.0156069305, -0.019954327), (-0.3070038, -0.0140458755, -0.017282007), (-0.30817837, -0.011945035, -0.014939692), (-0.30914232, -0.009385167, -0.013017404), (-0.3098586, -0.0064646197, -0.011589019), (-0.31029963, -0.0032956488, -0.010709425), (-0.31044862, -2.9191497e-8, -0.010412412), (-0.31029963, 0.0032955934, -0.010709425), (-0.3098586, 0.006464563, -0.011589019), (-0.30914232, 0.009385104, -0.013017404), (-0.30817837, 0.011944983, -0.014939692), (-0.3070038, 0.014045813, -0.017282007), (-0.30566373, 0.015606868, -0.019954327), (-0.30420965, 0.016568175, -0.022853993), (-0.30269754, 0.01689277, -0.025869511), (-0.30118534, 0.016568175, -0.028885046), (-0.2997313, 0.015606868, -0.031784687), (-0.29839125, 0.014045813, -0.034457), (-0.2972167, 0.011944983, -0.036799334), (-0.29625273, 0.009385103, -0.03872162), (-0.29553646, 0.0064645614, -0.04014999), (-0.29509535, 0.003295592, -0.041029584), (-0.29494643, -3.0249648e-8, -0.0413266), (-0.29509535, -0.0032956502, -0.041029584), (-0.29553646, -0.006464621, -0.04014999), (-0.29625273, -0.009385169, -0.03872162), (-0.2972167, -0.011945035, -0.03679933), (-0.29839125, -0.0140458755, -0.034457), (-0.2997313, -0.0156069305, -0.031784687), (-0.30118534, -0.016568236, -0.028885046), (-0.39499393, -0.00188415, -0.06619756), (-0.39516926, -0.0018479477, -0.06587451), (-0.39533785, -0.0017407294, -0.065563865), (-0.3954932, -0.0015666184, -0.06527758), (-0.3956294, -0.0013323032, -0.06502664), (-0.39574122, -0.0010467907, -0.06482071), (-0.39582428, -0.00072105, -0.06466769), (-0.39587545, -0.00036760178, -0.06457345), (-0.3958927, -2.7768541e-8, -0.06454163), (-0.39587545, 0.00036754657, -0.06457345), (-0.39582428, 0.0007209947, -0.06466769), (-0.39574122, 0.0010467349, -0.06482071), (-0.3956294, 0.001332249, -0.06502664), (-0.3954932, 0.0015665628, -0.06527758), (-0.39533785, 0.0017406739, -0.065563865), (-0.39516926, 0.0018478922, -0.06587451), (-0.39499393, 0.0018840957, -0.06619756), (-0.39481854, 0.0018478922, -0.066520624), (-0.39464995, 0.0017406739, -0.06683126), (-0.3944946, 0.0015665628, -0.06711756), (-0.3943584, 0.001332249, -0.067368485), (-0.39424664, 0.0010467346, -0.06757442), (-0.39416358, 0.00072099455, -0.06772745), (-0.3941124, 0.00036754642, -0.067821674), (-0.39409515, -2.7881903e-8, -0.067853495), (-0.3941124, -0.00036760196, -0.067821674), (-0.39416358, -0.00072105025, -0.06772745), (-0.39424664, -0.001046791, -0.06757442), (-0.3943584, -0.0013323032, -0.067368485), (-0.3944946, -0.0015666184, -0.06711756), (-0.39464995, -0.0017407294, -0.06683126), (-0.39481854, -0.0018479477, -0.066520624), (-0.30754972, -0.015917711, -0.027830899), (-0.31260774, -0.014926453, -0.029896986), (-0.317837, -0.013925827, -0.032053687), (-0.3232018, -0.01292266, -0.03428626), (-0.3286656, -0.011923804, -0.036579464), (-0.33419102, -0.01093609, -0.03891763), (-0.3397402, -0.009966258, -0.041284785), (-0.34527537, -0.009020938, -0.043664757), (-0.35075876, -0.008106583, -0.0460413), (-0.35615274, -0.0072294394, -0.04839817), (-0.3614206, -0.0063955034, -0.050719254), (-0.3665263, -0.005610467, -0.05298872), (-0.37143502, -0.0048796963, -0.05519106), (-0.37611312, -0.0042081797, -0.057311215), (-0.38052872, -0.0036005066, -0.059334725), (-0.38465166, -0.003060827, -0.06124775), (-0.3884538, -0.002592829, -0.06303725), (-0.3919091, -0.0021997087, -0.06469094), (-0.39211357, -0.0021574448, -0.06431336), (-0.3886942, -0.0025430114, -0.06259103), (-0.38493463, -0.0030020159, -0.060719285), (-0.38086054, -0.003531328, -0.058710914), (-0.37649968, -0.004127324, -0.056579635), (-0.37188184, -0.004785938, -0.05434002), (-0.3670386, -0.0055026663, -0.052007332), (-0.36200315, -0.006272618, -0.049597554), (-0.35680965, -0.007090533, -0.04712711), (-0.35149378, -0.007950819, -0.044612885), (-0.34609175, -0.008847606, -0.04207206), (-0.34064052, -0.009774766, -0.039522), (-0.3351773, -0.010725963, -0.036980104), (-0.32973936, -0.011694699, -0.03446374), (-0.32436392, -0.012674358, -0.031990107), (-0.31908768, -0.013658253, -0.029576093), (-0.31394666, -0.014639652, -0.027238194), (-0.30897602, -0.015611863, -0.02499238), (-0.39231014, -0.0020322546, -0.06395026), (-0.38892543, -0.002395453, -0.062161952), (-0.38520676, -0.0028278243, -0.0602111), (-0.38117957, -0.003326422, -0.058111053), (-0.37687138, -0.003887846, -0.05587616), (-0.37231153, -0.0045082406, -0.053521655), (-0.36753127, -0.0051833885, -0.051063653), (-0.36256325, -0.0059086676, -0.048518937), (-0.35744137, -0.0066791186, -0.04590488), (-0.35220057, -0.0074894964, -0.043239355), (-0.34687677, -0.008334253, -0.04054056), (-0.3415062, -0.009207616, -0.037826937), (-0.3361257, -0.01010362, -0.035117004), (-0.33077183, -0.011016148, -0.032429297), (-0.32548138, -0.011938969, -0.02978216), (-0.32029033, -0.012865771, -0.027193675), (-0.31523418, -0.013790233, -0.024681544), (-0.31034753, -0.01470604, -0.022262922), (-0.39249143, -0.0018290168, -0.063615724), (-0.3891386, -0.002155888, -0.061766595), (-0.38545763, -0.0025450066, -0.059742846), (-0.3814737, -0.0029937434, -0.057558313), (-0.37721398, -0.0034989978, -0.055227894), (-0.3727076, -0.004057333, -0.052767526), (-0.36798543, -0.004664966, -0.05019404), (-0.36307952, -0.005317691, -0.04752496), (-0.35802358, -0.006011089, -0.044778563), (-0.35285205, -0.006740409, -0.041973595), (-0.3476003, -0.0075006667, -0.03912921), (-0.34230414, -0.008286666, -0.036264837), (-0.33699983, -0.009093053, -0.033400055), (-0.3317235, -0.009914307, -0.030554438), (-0.32651132, -0.010744829, -0.027747408), (-0.32139882, -0.0115789315, -0.024998147), (-0.3164209, -0.012410923, -0.022325432), (-0.31161165, -0.013235124, -0.019747527), (-0.39265025, -0.0015554465, -0.06332242), (-0.3893253, -0.00183341, -0.06141998), (-0.3856774, -0.0021643455, -0.059332337), (-0.38173136, -0.0025459547, -0.057073746), (-0.3775142, -0.0029756445, -0.054659627), (-0.37305468, -0.0034504724, -0.05210647), (-0.36838338, -0.00396722, -0.049431738), (-0.36353198, -0.004522308, -0.046653662), (-0.35853383, -0.005112002, -0.04379126), (-0.353423, -0.0057322322, -0.04086406), (-0.3482344, -0.0063787806, -0.037892066), (-0.34300345, -0.0070472225, -0.034895584), (-0.33776587, -0.0077329925, -0.031895068), (-0.33255756, -0.008431408, -0.028911026), (-0.32741398, -0.0091377115, -0.025963848), (-0.3223703, -0.009847064, -0.023073666), (-0.31746092, -0.01055461, -0.020260198), (-0.31271952, -0.011255529, -0.017542686), (-0.39278066, -0.001222132, -0.06308175), (-0.3894787, -0.0014405401, -0.061135568), (-0.38585785, -0.0017005526, -0.05899549), (-0.381943, -0.0020003838, -0.05667612), (-0.37776068, -0.002337977, -0.054193288), (-0.37333965, -0.0027110553, -0.05156399), (-0.36871, -0.0031170603, -0.048806164), (-0.3639034, -0.0035531877, -0.04593864), (-0.35895267, -0.0040165065, -0.042981036), (-0.35389164, -0.004503826, -0.03995353), (-0.34875485, -0.0050118086, -0.03687681), (-0.3435774, -0.005537006, -0.033771895), (-0.33839473, -0.0060758176, -0.03066), (-0.3332421, -0.006624549, -0.027562356), (-0.32815486, -0.0071794805, -0.024500156), (-0.32316765, -0.0077368147, -0.021494305), (-0.3183146, -0.008292732, -0.018565336), (-0.31362885, -0.008843441, -0.015733257), (-0.39287743, -0.0008417837, -0.06290288), (-0.3895925, -0.0009922306, -0.060924202), (-0.38599184, -0.0011713183, -0.05874515), (-0.38210008, -0.0013778502, -0.05638062), (-0.37794378, -0.0016104013, -0.053846743), (-0.37355125, -0.0018673724, -0.051160853), (-0.36895263, -0.0021470257, -0.04834129), (-0.36417928, -0.00244744, -0.045407306), (-0.3592638, -0.0027665773, -0.042378955), (-0.35423976, -0.0031022516, -0.039276913), (-0.3491415, -0.0034521623, -0.036122374), (-0.3440038, -0.0038139126, -0.032936886), (-0.33886185, -0.0041850572, -0.029742215), (-0.33375072, -0.0045630364, -0.026560176), (-0.32870528, -0.0049452777, -0.023412507), (-0.32376003, -0.0053291814, -0.020320717), (-0.31894878, -0.005712104, -0.017305918), (-0.31430438, -0.006091443, -0.014388708), (-0.39293718, -0.00042916503, -0.06279276), (-0.38966274, -0.00050585484, -0.060794063), (-0.38607445, -0.0005971576, -0.058591012), (-0.3821969, -0.000702444, -0.05619867), (-0.37805656, -0.00082099583, -0.053633373), (-0.37368166, -0.00095200347, -0.050912637), (-0.36910212, -0.001094568, -0.04805505), (-0.3643492, -0.0012477189, -0.04508014), (-0.35945547, -0.0014104182, -0.04200822), (-0.3544542, -0.0015815344, -0.03886028), (-0.34937963, -0.0017599176, -0.03565782), (-0.34426644, -0.0019443418, -0.03242272), (-0.33914956, -0.0021335494, -0.02917708), (-0.33406392, -0.0023262387, -0.025943067), (-0.32904425, -0.002521105, -0.022742765), (-0.32412487, -0.0027168177, -0.01959805), (-0.31933936, -0.002912028, -0.016530398), (-0.31472042, -0.00310541, -0.013560761), (-0.39139566, -2.7843434e-8, -0.061692726), (-0.3868986, -2.7918327e-8, -0.058843818), (-0.38240153, -2.799322e-8, -0.055994913), (-0.37790447, -2.806811e-8, -0.05314601), (-0.37340742, -2.8143004e-8, -0.0502971), (-0.3689103, -2.8217896e-8, -0.047448196), (-0.36441326, -2.8292787e-8, -0.044599283), (-0.35991624, -2.8367682e-8, -0.041750383), (-0.3554192, -2.8442576e-8, -0.038901474), (-0.35092214, -2.8517466e-8, -0.03605257), (-0.3464251, -2.859236e-8, -0.03320366), (-0.34192804, -2.866725e-8, -0.030354757), (-0.33743098, -2.8742143e-8, -0.02750585), (-0.3329339, -2.8817036e-8, -0.024656944), (-0.3284368, -2.8891927e-8, -0.021808038), (-0.3239398, -2.896682e-8, -0.018959131), (-0.31944272, -2.9041711e-8, -0.016110225), (-0.31494567, -2.9116606e-8, -0.013261318), (-0.39293718, 0.00042911095, -0.062792756), (-0.38966274, 0.0005058015, -0.060794063), (-0.38607445, 0.0005971038, -0.058591012), (-0.3821969, 0.0007023909, -0.05619867), (-0.37805656, 0.00082094176, -0.053633373), (-0.37368166, 0.0009519489, -0.050912637), (-0.36910212, 0.001094514, -0.04805505), (-0.3643492, 0.0012476643, -0.04508014), (-0.35945547, 0.0014103638, -0.04200822), (-0.3544542, 0.0015814798, -0.038860276), (-0.34937963, 0.0017598626, -0.03565782), (-0.34426644, 0.0019442869, -0.03242272), (-0.33914956, 0.0021334935, -0.02917708), (-0.33406392, 0.002326183, -0.025943061), (-0.32904425, 0.002521049, -0.022742763), (-0.32412487, 0.0027167622, -0.01959805), (-0.31933936, 0.0029119728, -0.016530398), (-0.31472042, 0.0031053552, -0.013560758), (-0.39287743, 0.00084172894, -0.06290288), (-0.3895925, 0.000992173, -0.060924202), (-0.38599184, 0.0011712641, -0.05874515), (-0.38210008, 0.001377797, -0.05638062), (-0.37794378, 0.0016103432, -0.053846743), (-0.37355125, 0.0018673176, -0.051160853), (-0.36895263, 0.002146969, -0.04834129), (-0.36417928, 0.0024473856, -0.04540731), (-0.3592638, 0.0027665214, -0.042378955), (-0.35423976, 0.0031021966, -0.039276913), (-0.3491415, 0.003452106, -0.036122378), (-0.3440038, 0.003813855, -0.032936886), (-0.33886185, 0.0041849995, -0.029742215), (-0.33375072, 0.00456298, -0.026560176), (-0.32870528, 0.004945221, -0.023412507), (-0.32376003, 0.0053291228, -0.020320717), (-0.31894878, 0.005712047, -0.017305918), (-0.31430438, 0.006091387, -0.014388708), (-0.39278066, 0.0012220738, -0.06308174), (-0.3894787, 0.00144048, -0.061135568), (-0.38585785, 0.0017004921, -0.058995485), (-0.381943, 0.0020003289, -0.056676112), (-0.37776068, 0.002337917, -0.054193288), (-0.37333965, 0.002710997, -0.051563986), (-0.36871, 0.0031169988, -0.048806164), (-0.3639034, 0.0035531258, -0.04593864), (-0.35895267, 0.004016448, -0.042981036), (-0.35389164, 0.0045037675, -0.03995353), (-0.34875485, 0.0050117495, -0.03687681), (-0.3435774, 0.0055369455, -0.033771895), (-0.33839473, 0.0060757594, -0.030659996), (-0.3332421, 0.0066244868, -0.027562356), (-0.32815486, 0.00717942, -0.02450016), (-0.32316765, 0.0077367555, -0.021494305), (-0.3183146, 0.008292673, -0.018565336), (-0.31362885, 0.008843383, -0.015733257), (-0.39265025, 0.0015553953, -0.06332242), (-0.3893253, 0.0018333578, -0.06141998), (-0.3856774, 0.0021642947, -0.059332345), (-0.38173136, 0.002545904, -0.057073746), (-0.3775142, 0.0029755908, -0.054659627), (-0.37305468, 0.0034504184, -0.05210647), (-0.36838332, 0.003967167, -0.049431738), (-0.36353198, 0.0045222547, -0.046653662), (-0.35853383, 0.005111949, -0.04379126), (-0.353423, 0.0057321824, -0.040864058), (-0.3482344, 0.006378727, -0.037892066), (-0.34300345, 0.00704717, -0.034895584), (-0.33776587, 0.007732941, -0.031895068), (-0.33255756, 0.008431357, -0.028911026), (-0.32741398, 0.009137658, -0.025963848), (-0.3223703, 0.009847012, -0.023073662), (-0.31746098, 0.01055456, -0.020260198), (-0.31271952, 0.011255478, -0.017542686), (-0.39249143, 0.0018289592, -0.06361572), (-0.3891386, 0.002155831, -0.0617666), (-0.38545763, 0.002544946, -0.05974284), (-0.3814737, 0.002993685, -0.057558306), (-0.37721398, 0.0034989405, -0.055227894), (-0.3727076, 0.004057273, -0.052767526), (-0.36798543, 0.0046649068, -0.05019404), (-0.36307952, 0.005317631, -0.04752496), (-0.35802358, 0.00601103, -0.044778563), (-0.35285205, 0.0067403484, -0.041973595), (-0.3476003, 0.0075006075, -0.03912921), (-0.34230414, 0.008286607, -0.036264837), (-0.33699983, 0.009092994, -0.03340006), (-0.3317235, 0.009914247, -0.030554438), (-0.32651132, 0.010744768, -0.02774741), (-0.32139882, 0.011578872, -0.024998153), (-0.3164209, 0.012410863, -0.022325434), (-0.31161165, 0.013235062, -0.01974753), (-0.39231014, 0.0020321975, -0.06395026), (-0.38892543, 0.0023953952, -0.06216195), (-0.38520676, 0.002827766, -0.060211092), (-0.38117957, 0.0033263639, -0.058111053), (-0.37687138, 0.003887786, -0.05587616), (-0.37231153, 0.004508182, -0.053521655), (-0.36753127, 0.00518333, -0.051063653), (-0.36256325, 0.0059086084, -0.048518937), (-0.35744137, 0.0066790595, -0.04590488), (-0.35220057, 0.007489436, -0.043239355), (-0.34687677, 0.008334192, -0.04054056), (-0.3415062, 0.009207554, -0.037826933), (-0.3361257, 0.010103561, -0.035117004), (-0.33077183, 0.011016086, -0.032429297), (-0.32548138, 0.011938907, -0.029782167), (-0.32029033, 0.012865709, -0.027193675), (-0.31523418, 0.013790171, -0.024681544), (-0.31034753, 0.014705978, -0.022262923), (-0.39211357, 0.0021573878, -0.06431336), (-0.3886942, 0.0025429549, -0.062591024), (-0.38493463, 0.0030019595, -0.060719285), (-0.38086054, 0.0035312695, -0.058710914), (-0.37649968, 0.0041272673, -0.056579635), (-0.37188187, 0.00478588, -0.05434002), (-0.3670386, 0.005502608, -0.052007332), (-0.36200315, 0.006272559, -0.049597554), (-0.35680965, 0.0070904754, -0.04712711), (-0.35149378, 0.0079507595, -0.044612885), (-0.34609175, 0.008847546, -0.04207206), (-0.34064052, 0.009774704, -0.039522), (-0.3351773, 0.010725902, -0.03698011), (-0.32973936, 0.011694637, -0.034463745), (-0.32436392, 0.012674299, -0.03199011), (-0.31908768, 0.013658191, -0.0295761), (-0.31394666, 0.014639591, -0.027238194), (-0.30897602, 0.0156118, -0.024992384), (-0.3919091, 0.0021996547, -0.06469094), (-0.3884538, 0.0025927739, -0.06303723), (-0.38465166, 0.0030607725, -0.06124775), (-0.38052872, 0.0036004523, -0.059334725), (-0.37611312, 0.004208126, -0.05731122), (-0.37143502, 0.0048796413, -0.055191047), (-0.3665263, 0.0056104143, -0.05298872), (-0.3614206, 0.006395449, -0.050719243), (-0.35615274, 0.007229386, -0.04839816), (-0.3507587, 0.008106529, -0.046041287), (-0.34527537, 0.009020885, -0.043664757), (-0.3397402, 0.009966206, -0.041284785), (-0.33419096, 0.010936037, -0.03891763), (-0.3286656, 0.011923753, -0.036579464), (-0.3232018, 0.012922605, -0.03428625), (-0.31783694, 0.013925774, -0.032053676), (-0.31260774, 0.014926402, -0.029896986), (-0.30754972, 0.015917659, -0.027830899), (-0.39170447, 0.0021573913, -0.065068476), (-0.38821325, 0.002542956, -0.06348339), (-0.3843686, 0.0030019637, -0.06177618), (-0.38019684, 0.003531273, -0.059958495), (-0.37572646, 0.00412727, -0.058042746), (-0.370988, 0.004785883, -0.05604205), (-0.36601385, 0.0055026137, -0.053970046), (-0.36083794, 0.006272565, -0.0518409), (-0.35549572, 0.0070904773, -0.049669165), (-0.35002354, 0.007950766, -0.04746965), (-0.34445894, 0.008847549, -0.0452574), (-0.3388398, 0.009774708, -0.043047514), (-0.33320457, 0.010725901, -0.04085511), (-0.32759172, 0.01169464, -0.038695134), (-0.3220396, 0.012674302, -0.03658236), (-0.31658614, 0.013658191, -0.03453123), (-0.31126857, 0.014639595, -0.03255573), (-0.30612326, 0.015611803, -0.030669369), (-0.39150786, 0.0020322073, -0.065431565), (-0.38798207, 0.002395399, -0.06391247), (-0.3840965, 0.002827775, -0.06228435), (-0.3798778, 0.0033263722, -0.06055835), (-0.37535483, 0.0038877896, -0.058746234), (-0.37055835, 0.0045081894, -0.056860402), (-0.36552128, 0.0051833326, -0.054913737), (-0.3602779, 0.0059086117, -0.05291952), (-0.35486406, 0.0066790683, -0.050891377), (-0.34931684, 0.0074894414, -0.048843175), (-0.343674, 0.008334194, -0.046788894), (-0.33797413, 0.009207557, -0.04474257), (-0.3322562, 0.010103565, -0.042718187), (-0.32655922, 0.011016093, -0.040729567), (-0.32092217, 0.011938912, -0.038790293), (-0.31538352, 0.0128657175, -0.03691362), (-0.30998108, 0.01379018, -0.03511235), (-0.30475175, 0.014705978, -0.033398814), (-0.39132664, 0.0018289442, -0.06576614), (-0.3877689, 0.0021558157, -0.064307846), (-0.38384566, 0.002544943, -0.06275264), (-0.3795837, 0.0029936684, -0.061111115), (-0.3750122, 0.0034989286, -0.059394516), (-0.37016228, 0.0040572723, -0.057614557), (-0.36506718, 0.004664887, -0.055783376), (-0.35976157, 0.0053176223, -0.05391351), (-0.35428178, 0.006011015, -0.052017722), (-0.3486653, 0.0067403307, -0.05010896), (-0.34295046, 0.007500587, -0.048200276), (-0.33717623, 0.008286595, -0.046304688), (-0.33138207, 0.00909298, -0.044435155), (-0.32560754, 0.009914238, -0.042604446), (-0.31989223, 0.010744752, -0.04082507), (-0.31427506, 0.011578856, -0.03910918), (-0.30879438, 0.012410847, -0.037468497), (-0.3034877, 0.013235046, -0.035914224), (-0.39116785, 0.001555379, -0.066059425), (-0.38758218, 0.0018333575, -0.06465443), (-0.3836259, 0.0021642838, -0.063163124), (-0.37932605, 0.0025458913, -0.061595667), (-0.37471193, 0.0029755852, -0.059962764), (-0.3698152, 0.003450417, -0.058275595), (-0.3646692, 0.0039671524, -0.056545664), (-0.35930914, 0.004522255, -0.0547848), (-0.35377163, 0.0051119383, -0.053005017), (-0.34809443, 0.005732171, -0.05121848), (-0.34231636, 0.00637872, -0.0494374), (-0.3364769, 0.007047162, -0.047673937), (-0.33061597, 0.0077329325, -0.045940142), (-0.32477352, 0.008431361, -0.044247843), (-0.31898957, 0.009137654, -0.04260862), (-0.31330356, 0.009846998, -0.041033663), (-0.30775434, 0.010554551, -0.039533727), (-0.3023798, 0.011255478, -0.03811906), (-0.3910375, 0.0012220475, -0.066300124), (-0.38742888, 0.0014404542, -0.06493888), (-0.38344547, 0.0017004615, -0.06350001), (-0.3791145, 0.0020002902, -0.061993323), (-0.37446555, 0.002337895, -0.06042913), (-0.36953032, 0.0027109713, -0.058818102), (-0.3643426, 0.003116964, -0.057171255), (-0.3589378, 0.003553107, -0.05549984), (-0.35335284, 0.004016416, -0.05381526), (-0.34762582, 0.0045037335, -0.052129038), (-0.3417959, 0.005011724, -0.05045268), (-0.335903, 0.0055369115, -0.048797645), (-0.3299872, 0.006075723, -0.04717524), (-0.32408902, 0.006624467, -0.04559654), (-0.31824875, 0.0071794027, -0.044072334), (-0.31250623, 0.0077367304, -0.042613033), (-0.3069007, 0.00829265, -0.041228607), (-0.30147052, 0.008843365, -0.039928507), (-0.39094058, 0.0008417542, -0.06647897), (-0.38731492, 0.0009921958, -0.06515023), (-0.38331142, 0.0011712902, -0.06375032), (-0.3789573, 0.0013778158, -0.0622888), (-0.37428245, 0.0016103615, -0.06077565), (-0.36931863, 0.0018673429, -0.059221216), (-0.36409995, 0.0021469926, -0.057636105), (-0.35866186, 0.0024474165, -0.05603115), (-0.35304165, 0.002766548, -0.054417316), (-0.34727764, 0.0031022162, -0.05280562), (-0.3414092, 0.0034521238, -0.05120708), (-0.33547655, 0.0038138814, -0.04963262), (-0.32952, 0.0041850214, -0.048092984), (-0.32358044, 0.0045630024, -0.046598688), (-0.31769824, 0.0049452474, -0.04515995), (-0.3119138, 0.0053291437, -0.04378659), (-0.30626643, 0.0057120686, -0.042487994), (-0.30079487, 0.006091405, -0.041273028), (-0.3908809, 0.00042910836, -0.06658909), (-0.3872448, 0.0005058022, -0.06528037), (-0.38322884, 0.00059710554, -0.06390446), (-0.3788605, 0.0007023897, -0.062470745), (-0.37416962, 0.00082094263, -0.060989037), (-0.3691883, 0.00095194805, -0.05946944), (-0.3639504, 0.0010945144, -0.05792235), (-0.3584919, 0.0012476679, -0.05635833), (-0.35285, 0.0014103597, -0.054788057), (-0.34706324, 0.0015814821, -0.053222265), (-0.34117106, 0.0017598649, -0.051671643), (-0.33521387, 0.0019442876, -0.050146792), (-0.3292323, 0.0021334921, -0.048658125), (-0.3232672, 0.0023261851, -0.047215812), (-0.31735924, 0.0025210523, -0.0458297), (-0.31154898, 0.0027167602, -0.04450926), (-0.3058759, 0.0029119728, -0.04326352), (-0.30037883, 0.0031053578, -0.042100985), (-0.39086086, -2.7964123e-8, -0.06662629), (-0.3872212, -2.8055517e-8, -0.06532432), (-0.38320103, -2.8156084e-8, -0.063956514), (-0.37882787, -2.8264806e-8, -0.062532194), (-0.37413162, -2.8378963e-8, -0.0610611), (-0.36914426, -2.8501274e-8, -0.059553266), (-0.36390004, -2.8627662e-8, -0.058019016), (-0.3584346, -2.8759487e-8, -0.056468815), (-0.35278535, -2.889539e-8, -0.054913253), (-0.34699085, -2.9034009e-8, -0.053362958), (-0.34109074, -2.9175347e-8, -0.051828522), (-0.33512524, -2.9315324e-8, -0.05032042), (-0.32913515, -2.9456661e-8, -0.04884897), (-0.32316145, -2.959664e-8, -0.047424205), (-0.31724483, -2.973526e-8, -0.046055865), (-0.3114258, -2.9869803e-8, -0.0447533), (-0.30574405, -3.0000948e-8, -0.043525405), (-0.30023843, -3.0128017e-8, -0.042380568), (-0.3908809, -0.00042916398, -0.06658909), (-0.3872448, -0.0005058578, -0.06528037), (-0.38322884, -0.00059716136, -0.06390446), (-0.3788605, -0.0007024457, -0.062470745), (-0.37416962, -0.00082099857, -0.060989037), (-0.3691883, -0.0009520043, -0.05946944), (-0.3639504, -0.0010945707, -0.05792235), (-0.3584919, -0.0012477244, -0.05635833), (-0.35285, -0.0014104164, -0.054788057), (-0.34706324, -0.0015815389, -0.053222265), (-0.34117106, -0.0017599221, -0.051671643), (-0.33521387, -0.001944345, -0.050146792), (-0.3292323, -0.0021335494, -0.048658125), (-0.3232672, -0.0023262429, -0.047215812), (-0.31735924, -0.00252111, -0.0458297), (-0.31154898, -0.002716818, -0.04450926), (-0.3058759, -0.0029120308, -0.04326352), (-0.30037883, -0.0031054157, -0.042100985), (-0.39094058, -0.0008418098, -0.06647897), (-0.38731492, -0.0009922519, -0.06515023), (-0.38331142, -0.0011713462, -0.06375032), (-0.3789573, -0.0013778745, -0.062288795), (-0.37428245, -0.0016104181, -0.06077565), (-0.36931863, -0.0018673996, -0.059221216), (-0.3640999, -0.0021470517, -0.057636105), (-0.35866186, -0.0024474738, -0.05603115), (-0.35304165, -0.002766605, -0.054417316), (-0.34727764, -0.0031022732, -0.05280562), (-0.3414092, -0.003452182, -0.05120708), (-0.3354765, -0.0038139413, -0.04963262), (-0.32952, -0.0041850796, -0.048092984), (-0.32358044, -0.004563061, -0.046598688), (-0.31769824, -0.004945306, -0.04515995), (-0.3119138, -0.0053292024, -0.04378659), (-0.30626643, -0.0057121273, -0.042487994), (-0.30079487, -0.0060914652, -0.041273028), (-0.3910375, -0.0012221048, -0.066300124), (-0.38742888, -0.0014405114, -0.06493888), (-0.38344547, -0.0017005188, -0.06350001), (-0.3791145, -0.0020003475, -0.061993323), (-0.37446555, -0.002337953, -0.06042913), (-0.36953032, -0.0027110295, -0.058818102), (-0.3643426, -0.003117023, -0.057171263), (-0.3589378, -0.0035531668, -0.05549984), (-0.35335284, -0.0040164767, -0.05381526), (-0.34762582, -0.004503794, -0.052129038), (-0.3417959, -0.0050117844, -0.05045268), (-0.335903, -0.0055369735, -0.048797645), (-0.3299872, -0.006075784, -0.04717524), (-0.32408902, -0.006624529, -0.04559654), (-0.31824875, -0.007179465, -0.044072337), (-0.31250623, -0.0077367937, -0.042613033), (-0.3069007, -0.008292714, -0.041228607), (-0.30147052, -0.008843429, -0.039928507), (-0.39116785, -0.0015554347, -0.066059425), (-0.38758218, -0.0018334138, -0.06465444), (-0.3836259, -0.0021643403, -0.06316313), (-0.37932605, -0.0025459481, -0.06159567), (-0.37471193, -0.0029756404, -0.059962768), (-0.3698152, -0.0034504733, -0.058275603), (-0.3646692, -0.003967208, -0.05654567), (-0.35930914, -0.0045223096, -0.0547848), (-0.35377163, -0.005111993, -0.053005017), (-0.34809443, -0.0057322253, -0.051218484), (-0.34231636, -0.0063787745, -0.0494374), (-0.3364769, -0.0070472155, -0.047673937), (-0.33061597, -0.007732987, -0.045940142), (-0.32477352, -0.008431414, -0.044247847), (-0.31898957, -0.009137707, -0.042608622), (-0.31330356, -0.0098470505, -0.041033663), (-0.30775434, -0.010554603, -0.039533727), (-0.3023798, -0.011255529, -0.03811906), (-0.39132664, -0.0018289997, -0.06576614), (-0.3877689, -0.0021558714, -0.064307846), (-0.38384566, -0.0025449987, -0.06275264), (-0.3795837, -0.0029937248, -0.061111115), (-0.3750122, -0.003498985, -0.059394516), (-0.37016228, -0.004057329, -0.057614557), (-0.36506718, -0.004664945, -0.055783376), (-0.35976157, -0.00531768, -0.05391351), (-0.35428178, -0.0060110735, -0.052017722), (-0.3486653, -0.00674039, -0.05010896), (-0.34295046, -0.007500647, -0.048200276), (-0.33717623, -0.008286655, -0.046304688), (-0.33138207, -0.00909304, -0.044435155), (-0.32560754, -0.009914298, -0.042604446), (-0.31989223, -0.010744814, -0.04082507), (-0.31427506, -0.011578917, -0.03910918), (-0.30879438, -0.012410907, -0.037468497), (-0.3034877, -0.013235108, -0.035914224), (-0.39150786, -0.002032263, -0.065431565), (-0.38798207, -0.0023954557, -0.06391247), (-0.3840965, -0.0028278327, -0.06228435), (-0.3798778, -0.0033264293, -0.06055835), (-0.37535483, -0.0038878466, -0.058746234), (-0.37055835, -0.004508247, -0.056860402), (-0.36552128, -0.0051833913, -0.05491373), (-0.3602779, -0.00590867, -0.05291952), (-0.35486406, -0.006679127, -0.050891377), (-0.34931684, -0.0074895, -0.048843175), (-0.343674, -0.008334253, -0.046788894), (-0.33797413, -0.0092076175, -0.044742573), (-0.3322562, -0.010103623, -0.042718187), (-0.32655922, -0.011016154, -0.04072957), (-0.32092217, -0.0119389715, -0.038790297), (-0.31538352, -0.012865779, -0.03691362), (-0.30998108, -0.0137902405, -0.03511235), (-0.30475175, -0.014706041, -0.033398814), (-0.39170447, -0.0021574467, -0.065068476), (-0.38821325, -0.0025430124, -0.06348339), (-0.3843686, -0.0030020194, -0.06177618), (-0.38019684, -0.0035313286, -0.059958495), (-0.37572646, -0.0041273264, -0.05804275), (-0.37098804, -0.004785939, -0.05604205), (-0.36601385, -0.00550267, -0.05397005), (-0.36083794, -0.006272623, -0.0518409), (-0.35549572, -0.007090535, -0.049669165), (-0.35002354, -0.007950824, -0.04746965), (-0.34445897, -0.008847608, -0.045257404), (-0.3388398, -0.009774769, -0.043047514), (-0.33320457, -0.010725962, -0.04085511), (-0.32759172, -0.011694701, -0.038695134), (-0.3220396, -0.012674363, -0.03658236), (-0.31658614, -0.0136582535, -0.03453123), (-0.31126857, -0.014639658, -0.03255573), (-0.30612326, -0.0156118665, -0.030669369), (-0.1997233, -0.01689282, 0.017447503), (-0.22675525, -0.01689282, 0.011311577), (-0.20326398, -0.01689282, 0.017293667), (-0.20725553, -0.01689282, 0.016839862), (-0.21149778, -0.01689282, 0.016108837), (-0.21577808, -0.01689282, 0.015137264), (-0.21988176, -0.01689282, 0.013973861), (-0.223603, -0.01689282, 0.012676954), (-0.2281152, -0.016568236, 0.014582837), (-0.20111662, -0.016568236, 0.02074312), (-0.22496594, -0.016568236, 0.015953632), (-0.22124872, -0.016568236, 0.017255684), (-0.2171498, -0.016568236, 0.01842371), (-0.21287477, -0.016568236, 0.01939914), (-0.20863807, -0.016568236, 0.02013306), (-0.20465203, -0.016568236, 0.020588672), (-0.2294219, -0.0156069305, 0.017729046), (-0.20249058, -0.0156069305, 0.023912108), (-0.22627667, -0.0156069305, 0.019104907), (-0.22256593, -0.0156069305, 0.020411776), (-0.21847591, -0.0156069305, 0.02158412), (-0.2142115, -0.0156069305, 0.022563158), (-0.20998675, -0.0156069305, 0.023299793), (-0.20601334, -0.0156069305, 0.023757085), (-0.23062535, -0.0140458755, 0.020629086), (-0.20377418, -0.0140458755, 0.026832636), (-0.22748443, -0.0140458755, 0.022009507), (-0.22378126, -0.0140458755, 0.023320707), (-0.21970159, -0.0140458755, 0.024496939), (-0.21544991, -0.0140458755, 0.025479218), (-0.21123953, -0.0140458755, 0.026218291), (-0.20728147, -0.0140458755, 0.0266771), (-0.23167986, -0.011945035, 0.02317131), (-0.20490566, -0.011945035, 0.029392514), (-0.228543, -0.011945035, 0.024555653), (-0.22484697, -0.011945035, 0.025870588), (-0.22077718, -0.011945035, 0.027050165), (-0.21653768, -0.011945035, 0.028035238), (-0.2123411, -0.011945035, 0.028776418), (-0.20839787, -0.011945035, 0.029236535), (-0.232545, -0.009385167, 0.025257828), (-0.20583564, -0.009385167, 0.031493347), (-0.22941145, -0.009385167, 0.02664536), (-0.22572145, -0.009385167, 0.027963318), (-0.22166, -0.009385167, 0.029145613), (-0.21743082, -0.009385167, 0.030132955), (-0.21324593, -0.009385167, 0.030875837), (-0.20931515, -0.009385167, 0.03133701), (-0.23318781, -0.00646462, 0.026808316), (-0.20652658, -0.00646462, 0.033054404), (-0.23005679, -0.00646462, 0.0281982), (-0.22637129, -0.00646462, 0.02951839), (-0.22231603, -0.00646462, 0.030702688), (-0.21809447, -0.00646462, 0.0316917), (-0.21391822, -0.00646462, 0.032435846), (-0.20999673, -0.00646462, 0.0328978), (-0.23358364, -0.0032956498, 0.027763132), (-0.2069518, -0.0032956498, 0.034015704), (-0.23045416, -0.0032956498, 0.029154457), (-0.22677143, -0.0032956498, 0.030476017), (-0.22271994, -0.0032956498, 0.031661544), (-0.21850304, -0.0032956498, 0.032651585), (-0.21433207, -0.0032956498, 0.0333965), (-0.21041621, -0.0032956498, 0.033858936), (-0.23371732, -3.0424683e-8, 0.028085547), (-0.20709537, -3.0625042e-8, 0.034340303), (-0.2305884, -3.0469128e-8, 0.02947736), (-0.22690655, -3.051126e-8, 0.030799381), (-0.22285637, -3.054931e-8, 0.031985324), (-0.21864101, -3.0581926e-8, 0.03297571), (-0.2144718, -3.060503e-8, 0.033720884), (-0.21055782, -3.061998e-8, 0.034183484), (-0.23358364, 0.0032955918, 0.027763132), (-0.2069518, 0.0032955913, 0.034015704), (-0.23045416, 0.0032955918, 0.029154457), (-0.22677143, 0.0032955918, 0.030476017), (-0.22271994, 0.0032955913, 0.031661544), (-0.21850304, 0.0032955913, 0.032651585), (-0.21433207, 0.0032955913, 0.0333965), (-0.21041621, 0.0032955913, 0.033858936), (-0.23318781, 0.006464561, 0.026808316), (-0.20652658, 0.0064645605, 0.033054404), (-0.23005679, 0.006464561, 0.0281982), (-0.22637129, 0.006464561, 0.02951839), (-0.22231603, 0.0064645605, 0.030702688), (-0.21809447, 0.0064645605, 0.0316917), (-0.21391822, 0.0064645605, 0.032435846), (-0.20999673, 0.0064645605, 0.0328978), (-0.232545, 0.0093851015, 0.025257828), (-0.20583564, 0.009385101, 0.031493347), (-0.22941145, 0.0093851015, 0.02664536), (-0.22572145, 0.0093851015, 0.027963318), (-0.22166, 0.009385101, 0.02914561), (-0.21743082, 0.009385101, 0.030132955), (-0.21324593, 0.009385101, 0.030875837), (-0.20931515, 0.009385101, 0.03133701), (-0.23167986, 0.011944979, 0.02317131), (-0.20490566, 0.011944979, 0.029392514), (-0.228543, 0.011944979, 0.024555657), (-0.22484697, 0.011944979, 0.025870588), (-0.22077718, 0.011944979, 0.027050165), (-0.21653768, 0.011944979, 0.028035238), (-0.2123411, 0.011944979, 0.028776418), (-0.20839787, 0.011944979, 0.029236535), (-0.23062535, 0.014045809, 0.020629086), (-0.20377418, 0.014045809, 0.026832636), (-0.22748443, 0.014045809, 0.022009505), (-0.22378126, 0.014045809, 0.023320707), (-0.21970159, 0.014045809, 0.024496939), (-0.21544991, 0.014045809, 0.025479218), (-0.21123953, 0.014045809, 0.026218295), (-0.20728147, 0.014045809, 0.0266771), (-0.2294219, 0.015606864, 0.017729046), (-0.20249058, 0.015606864, 0.023912108), (-0.22627667, 0.015606864, 0.019104907), (-0.22256593, 0.015606864, 0.020411776), (-0.21847591, 0.015606864, 0.02158412), (-0.2142115, 0.015606864, 0.022563158), (-0.20998675, 0.015606864, 0.023299793), (-0.20601334, 0.015606864, 0.023757085), (-0.2281152, 0.016568169, 0.014582837), (-0.20111662, 0.016568169, 0.02074312), (-0.22496594, 0.016568169, 0.01595363), (-0.22124872, 0.016568169, 0.017255682), (-0.2171498, 0.016568169, 0.018423714), (-0.21287477, 0.016568169, 0.019399144), (-0.20863807, 0.016568169, 0.02013306), (-0.20465203, 0.016568169, 0.020588668), (-0.22675525, 0.016892765, 0.011311577), (-0.1997233, 0.016892765, 0.017447503), (-0.223603, 0.016892765, 0.01267695), (-0.21988176, 0.016892765, 0.013973858), (-0.21577808, 0.016892765, 0.015137269), (-0.21149778, 0.016892765, 0.016108843), (-0.20725553, 0.016892765, 0.016839858), (-0.20326398, 0.016892765, 0.017293664), (-0.22539449, 0.016568169, 0.008040846), (-0.1983744, 0.016568169, 0.014151884), (-0.22224048, 0.016568169, 0.009400682), (-0.21851867, 0.016568169, 0.010692326), (-0.2144157, 0.016568169, 0.011851015), (-0.21013725, 0.016568169, 0.012818648), (-0.20589799, 0.016568169, 0.013546701), (-0.20191036, 0.016568169, 0.01399867), (-0.22408564, 0.015606864, 0.0048961123), (-0.1971114, 0.015606864, 0.01098292), (-0.22093086, 0.015606864, 0.0062505547), (-0.21721108, 0.015606864, 0.0075370804), (-0.21311292, 0.015606864, 0.008691176), (-0.2088417, 0.015606864, 0.009654971), (-0.20461182, 0.015606864, 0.010380138), (-0.20063524, 0.015606864, 0.010830312), (-0.22287945, 0.014045809, 0.0019980338), (-0.19596492, 0.014045809, 0.008062391), (-0.21972439, 0.014045809, 0.00334748), (-0.21600784, 0.014045809, 0.004629259), (-0.21191615, 0.014045809, 0.005779098), (-0.20765445, 0.014045809, 0.006739339), (-0.20343646, 0.014045809, 0.00746183), (-0.19947374, 0.014045809, 0.007910344), (-0.2218223, 0.011944979, -0.00054212735), (-0.19496629, 0.011944979, 0.0055024903), (-0.21866722, 0.011944979, 0.00080292736), (-0.21495388, 0.011944979, 0.002080534), (-0.21086854, 0.011944979, 0.0032266304), (-0.20661613, 0.011944979, 0.0041837455), (-0.20240983, 0.011944979, 0.004903885), (-0.19846055, 0.011944979, 0.00535094), (-0.22095484, 0.009385101, -0.0026267392), (-0.19414824, 0.0093851, 0.0034016566), (-0.2177996, 0.009385101, -0.0012852955), (-0.21408902, 0.009385101, -0.000011116772), (-0.21000913, 0.0093851, 0.0011319037), (-0.20576455, 0.0093851, 0.0020864499), (-0.20156807, 0.0093851, 0.0028046572), (-0.19763015, 0.0093851, 0.0032505118), (-0.22031026, 0.0064645596, -0.0041757007), (-0.19354023, 0.006464559, 0.0018406234), (-0.21715494, 0.0064645596, -0.0028369424), (-0.21344644, 0.0064645596, -0.0015653153), (-0.20937057, 0.006464559, -0.00042458353), (-0.20513177, 0.006464559, 0.0005280512), (-0.20094256, 0.006464559, 0.0012448203), (-0.19701304, 0.006464559, 0.001689782), (-0.21991333, 0.0032955904, -0.005129558), (-0.19316556, 0.00329559, 0.00087932585), (-0.21675801, 0.0032955904, -0.0037924557), (-0.21305074, 0.0032955904, -0.002522401), (-0.20897728, 0.00329559, -0.00138308), (-0.20474204, 0.00329559, -0.00043162343), (-0.20055725, 0.00329559, 0.00028425892), (-0.19663282, 0.00329559, 0.0007286704), (-0.21977928, -3.1561786e-8, -0.005451642), (-0.19303893, -3.178147e-8, 0.00055472663), (-0.21662396, -3.1610703e-8, -0.0041150996), (-0.21291707, -3.1656906e-8, -0.0028455763), (-0.20884441, -3.1699038e-8, -0.0017067324), (-0.20461027, -3.1733013e-8, -0.0007556738), (-0.20042703, -3.1760194e-8, -0.000040090916), (-0.19650432, -3.17765e-8, 0.00040413428), (-0.21991333, -0.0032956512, -0.0051295576), (-0.19316556, -0.0032956512, 0.00087932585), (-0.21675801, -0.0032956512, -0.0037924552), (-0.21305074, -0.0032956512, -0.0025224008), (-0.20897728, -0.0032956512, -0.00138308), (-0.20474204, -0.0032956512, -0.00043162334), (-0.20055725, -0.0032956512, 0.00028425935), (-0.19663282, -0.0032956512, 0.00072867057), (-0.22031026, -0.0064646215, -0.0041757007), (-0.19354023, -0.0064646215, 0.0018406234), (-0.21715494, -0.0064646215, -0.0028369427), (-0.21344644, -0.0064646215, -0.0015653159), (-0.20937057, -0.0064646215, -0.00042458414), (-0.20513177, -0.0064646215, 0.0005280508), (-0.20094256, -0.0064646215, 0.0012448201), (-0.19701304, -0.0064646215, 0.0016897816), (-0.22095484, -0.009385168, -0.0026267394), (-0.19414824, -0.009385168, 0.0034016566), (-0.2177996, -0.009385168, -0.0012852952), (-0.21408902, -0.009385168, -0.000011116649), (-0.21000913, -0.009385168, 0.0011319041), (-0.20576455, -0.009385168, 0.0020864506), (-0.20156807, -0.009385168, 0.0028046574), (-0.19763015, -0.009385168, 0.0032505118), (-0.2218223, -0.011945035, -0.0005421259), (-0.19496629, -0.011945035, 0.0055024917), (-0.21866722, -0.011945035, 0.00080292794), (-0.21495388, -0.011945035, 0.0020805355), (-0.21086854, -0.011945035, 0.0032266313), (-0.20661613, -0.011945035, 0.0041837464), (-0.20240983, -0.011945035, 0.004903887), (-0.19846055, -0.011945035, 0.005350941), (-0.22287945, -0.0140458755, 0.0019980348), (-0.19596492, -0.0140458755, 0.008062392), (-0.21972439, -0.0140458755, 0.0033474807), (-0.21600784, -0.0140458755, 0.0046292613), (-0.21191615, -0.0140458755, 0.0057791), (-0.20765445, -0.0140458755, 0.006739341), (-0.20343646, -0.0140458755, 0.0074618314), (-0.19947374, -0.0140458755, 0.007910346), (-0.22408564, -0.0156069305, 0.0048961136), (-0.1971114, -0.0156069305, 0.010982921), (-0.22093086, -0.0156069305, 0.0062505556), (-0.21721108, -0.0156069305, 0.007537082), (-0.21311292, -0.0156069305, 0.008691177), (-0.2088417, -0.0156069305, 0.009654973), (-0.20461182, -0.0156069305, 0.01038014), (-0.20063524, -0.0156069305, 0.010830312), (-0.22539449, -0.016568236, 0.008040846), (-0.1983744, -0.016568236, 0.014151884), (-0.22224048, -0.016568236, 0.009400683), (-0.21851867, -0.016568236, 0.010692327), (-0.2144157, -0.016568236, 0.011851012), (-0.21013725, -0.016568236, 0.012818644), (-0.20589799, -0.016568236, 0.013546701), (-0.20191036, -0.016568236, 0.013998671)]
                matrix4d primvars:skel:geomBindTransform = ( (1, 0, 0, 0), (0, 1, 0, 0), (0, 0, 1, 0), (-0.9999607801437378, -3.1709316061778736e-8, 1.497487187385559, 1) )
                int[] primvars:skel:jointIndices = [3, 0, 0, 0, 3, 0, 0, 0, 3, 0, 0, 0, 3, 0, 0, 0, 3, 0, 0, 0, 3, 0, 0, 0, 3, 0, 0, 0, 3, 0, 0, 0, 3, 0, 0, 0, 3, 0, 0, 0, 3, 0, 0, 0, 3, 0, 0, 0, 3, 0, 0, 0, 3, 0, 0, 0, 3, 0, 0, 0, 3, 0, 0, 0, 3, 0, 0, 0, 3, 0, 0, 0, 3, 0, 0, 0, 3, 0, 0, 0, 3, 0, 0, 0, 3, 0, 0, 0, 3, 0, 0, 0, 3, 0, 0, 0, 3, 0, 0, 0, 3, 0, 0, 0, 3, 0, 0, 0, 3, 0, 0, 0, 3, 0, 0, 0, 3, 0, 0, 0, 3, 0, 0, 0, 3, 0, 0, 0, 3, 0, 0, 0, 3, 0, 0, 0, 3, 0, 0, 0, 3, 0, 0, 0, 3, 0, 0, 0, 3, 0, 0, 0, 3, 0, 0, 0, 3, 0, 0, 0, 3, 0, 0, 0, 3, 0, 0, 0, 3, 0, 0, 0, 3, 0, 0, 0, 3, 0, 0, 0, 3, 0, 0, 0, 3, 0, 0, 0, 3, 0, 0, 0, 3, 0, 0, 0, 3, 0, 0, 0, 3, 0, 0, 0, 3, 0, 0, 0, 3, 0, 0, 0, 3, 0, 0, 0, 3, 0, 0, 0, 3, 0, 0, 0, 3, 0, 0, 0, 3, 0, 0, 0, 3, 0, 0, 0, 3, 0, 0, 0, 3, 0, 0, 0, 3, 0, 0, 0, 3, 0, 0, 0, 3, 0, 0, 0, 3, 0, 0, 0, 3, 0, 0, 0, 3, 0, 0, 0, 3, 0, 0, 0, 3, 0, 0, 0, 3, 0, 0, 0, 3, 0, 0, 0, 3, 0, 0, 0, 3, 0, 0, 0, 3, 0, 0, 0, 3, 0, 0, 0, 3, 0, 0, 0, 3, 0, 0, 0, 3, 0, 0, 0, 3, 0, 0, 0, 3, 0, 0, 0, 3, 0, 0, 0, 3, 0, 0, 0, 3, 0, 0, 0, 3, 0, 0, 0, 3, 0, 0, 0, 3, 0, 0, 0, 3, 0, 0, 0, 3, 0, 0, 0, 3, 0, 0, 0, 3, 0, 0, 0, 3, 0, 0, 0, 3, 0, 0, 0, 3, 0, 0, 0, 3, 0, 0, 0, 3, 0, 0, 0, 3, 0, 0, 0, 3, 0, 0, 0, 3, 0, 0, 0, 3, 0, 0, 0, 3, 0, 0, 0, 3, 0, 0, 0, 3, 0, 0, 0, 3, 0, 0, 0, 3, 0, 0, 0, 3, 0, 0, 0, 3, 0, 0, 0, 3, 0, 0, 0, 3, 0, 0, 0, 3, 0, 0, 0, 3, 0, 0, 0, 3, 0, 0, 0, 3, 0, 0, 0, 3, 0, 0, 0, 3, 0, 0, 0, 3, 0, 0, 0, 3, 0, 0, 0, 3, 0, 0, 0, 3, 0, 0, 0, 3, 0, 0, 0, 3, 0, 0, 0, 3, 0, 0, 0, 3, 0, 0, 0, 3, 0, 0, 0, 3, 0, 0, 0, 3, 0, 0, 0, 3, 0, 0, 0, 3, 0, 0, 0, 3, 0, 0, 0, 3, 0, 0, 0, 3, 0, 0, 0, 3, 0, 0, 0, 3, 0, 0, 0, 3, 0, 0, 0, 3, 0, 0, 0, 3, 0, 0, 0, 3, 0, 0, 0, 3, 0, 0, 0, 3, 0, 0, 0, 3, 0, 0, 0, 3, 0, 0, 0, 3, 0, 0, 0, 3, 0, 0, 0, 3, 0, 0, 0, 3, 0, 0, 0, 3, 0, 0, 0, 3, 0, 0, 0, 3, 0, 0, 0, 3, 0, 0, 0, 3, 0, 0, 0, 3, 0, 0, 0, 3, 0, 0, 0, 3, 0, 0, 0, 3, 0, 0, 0, 3, 0, 0, 0, 3, 0, 0, 0, 3, 0, 0, 0, 3, 0, 0, 0, 3, 0, 0, 0, 3, 0, 0, 0, 3, 0, 0, 0, 3, 0, 0, 0, 3, 0, 0, 0, 3, 0, 0, 0, 3, 0, 0, 0, 3, 0, 0, 0, 3, 0, 0, 0, 3, 0, 0, 0, 3, 0, 0, 0, 3, 0, 0, 0, 3, 0, 0, 0, 3, 0, 0, 0, 3, 0, 0, 0, 3, 0, 0, 0, 3, 0, 0, 0, 3, 0, 0, 0, 3, 0, 0, 0, 3, 0, 0, 0, 3, 0, 0, 0, 3, 0, 0, 0, 3, 0, 0, 0, 3, 0, 0, 0, 3, 0, 0, 0, 3, 0, 0, 0, 3, 0, 0, 0, 3, 0, 0, 0, 3, 0, 0, 0, 3, 0, 0, 0, 3, 0, 0, 0, 3, 0, 0, 0, 3, 0, 0, 0, 3, 0, 0, 0, 3, 0, 0, 0, 3, 0, 0, 0, 3, 0, 0, 0, 3, 0, 0, 0, 3, 0, 0, 0, 3, 0, 0, 0, 3, 0, 0, 0, 3, 0, 0, 0, 3, 0, 0, 0, 3, 0, 0, 0, 3, 0, 0, 0, 3, 0, 0, 0, 3, 0, 0, 0, 3, 0, 0, 0, 3, 0, 0, 0, 3, 0, 0, 0, 3, 0, 0, 0, 3, 0, 0, 0, 3, 0, 0, 0, 3, 0, 0, 0, 3, 0, 0, 0, 3, 0, 0, 0, 3, 0, 0, 0, 3, 0, 0, 0, 3, 0, 0, 0, 3, 0, 0, 0, 3, 0, 0, 0, 3, 0, 0, 0, 3, 0, 0, 0, 3, 0, 0, 0, 3, 0, 0, 0, 3, 0, 0, 0, 3, 0, 0, 0, 3, 0, 0, 0, 3, 0, 0, 0, 3, 0, 0, 0, 3, 0, 0, 0, 3, 0, 0, 0, 3, 0, 0, 0, 3, 0, 0, 0, 3, 0, 0, 0, 3, 0, 0, 0, 3, 0, 0, 0, 3, 0, 0, 0, 3, 0, 0, 0, 3, 0, 0, 0, 3, 0, 0, 0, 3, 0, 0, 0, 3, 0, 0, 0, 3, 0, 0, 0, 3, 0, 0, 0, 3, 0, 0, 0, 3, 0, 0, 0, 3, 0, 0, 0, 3, 0, 0, 0, 3, 0, 0, 0, 3, 0, 0, 0, 3, 0, 0, 0, 3, 0, 0, 0, 3, 0, 0, 0, 3, 0, 0, 0, 3, 0, 0, 0, 3, 0, 0, 0, 3, 0, 0, 0, 3, 0, 0, 0, 3, 0, 0, 0, 3, 0, 0, 0, 3, 0, 0, 0, 3, 0, 0, 0, 3, 0, 0, 0, 3, 0, 0, 0, 3, 0, 0, 0, 3, 0, 0, 0, 3, 0, 0, 0, 3, 0, 0, 0, 3, 0, 0, 0, 3, 0, 0, 0, 3, 0, 0, 0, 3, 0, 0, 0, 3, 0, 0, 0, 3, 0, 0, 0, 3, 0, 0, 0, 3, 0, 0, 0, 3, 0, 0, 0, 3, 0, 0, 0, 3, 0, 0, 0, 3, 0, 0, 0, 3, 0, 0, 0, 3, 0, 0, 0, 3, 0, 0, 0, 3, 0, 0, 0, 3, 0, 0, 0, 3, 0, 0, 0, 3, 0, 0, 0, 3, 0, 0, 0, 3, 0, 0, 0, 3, 0, 0, 0, 3, 0, 0, 0, 3, 0, 0, 0, 3, 0, 0, 0, 3, 0, 0, 0, 3, 0, 0, 0, 3, 0, 0, 0, 3, 0, 0, 0, 3, 0, 0, 0, 3, 0, 0, 0, 3, 0, 0, 0, 3, 0, 0, 0, 3, 0, 0, 0, 3, 0, 0, 0, 3, 0, 0, 0, 3, 0, 0, 0, 3, 0, 0, 0, 3, 0, 0, 0, 3, 0, 0, 0, 3, 0, 0, 0, 3, 0, 0, 0, 3, 0, 0, 0, 3, 0, 0, 0, 3, 0, 0, 0, 3, 0, 0, 0, 3, 0, 0, 0, 3, 0, 0, 0, 3, 0, 0, 0, 3, 0, 0, 0, 3, 0, 0, 0, 3, 0, 0, 0, 3, 0, 0, 0, 3, 0, 0, 0, 3, 0, 0, 0, 3, 0, 0, 0, 3, 0, 0, 0, 3, 0, 0, 0, 3, 0, 0, 0, 3, 0, 0, 0, 3, 0, 0, 0, 3, 0, 0, 0, 3, 0, 0, 0, 3, 0, 0, 0, 3, 0, 0, 0, 3, 0, 0, 0, 3, 0, 0, 0, 3, 0, 0, 0, 3, 0, 0, 0, 3, 0, 0, 0, 3, 0, 0, 0, 3, 0, 0, 0, 3, 0, 0, 0, 3, 0, 0, 0, 3, 0, 0, 0, 3, 0, 0, 0, 3, 0, 0, 0, 3, 0, 0, 0, 3, 0, 0, 0, 3, 0, 0, 0, 3, 0, 0, 0, 3, 0, 0, 0, 3, 0, 0, 0, 3, 0, 0, 0, 3, 0, 0, 0, 3, 0, 0, 0, 3, 0, 0, 0, 3, 0, 0, 0, 3, 0, 0, 0, 3, 0, 0, 0, 3, 0, 0, 0, 3, 0, 0, 0, 3, 0, 0, 0, 3, 0, 0, 0, 3, 0, 0, 0, 3, 0, 0, 0, 3, 0, 0, 0, 3, 0, 0, 0, 3, 0, 0, 0, 3, 0, 0, 0, 3, 0, 0, 0, 3, 0, 0, 0, 3, 0, 0, 0, 3, 0, 0, 0, 3, 0, 0, 0, 3, 0, 0, 0, 3, 0, 0, 0, 3, 0, 0, 0, 3, 0, 0, 0, 3, 0, 0, 0, 3, 0, 0, 0, 3, 0, 0, 0, 3, 0, 0, 0, 3, 0, 0, 0, 3, 0, 0, 0, 3, 0, 0, 0, 3, 0, 0, 0, 3, 0, 0, 0, 3, 0, 0, 0, 3, 0, 0, 0, 3, 0, 0, 0, 3, 0, 0, 0, 3, 0, 0, 0, 3, 0, 0, 0, 3, 0, 0, 0, 3, 0, 0, 0, 3, 0, 0, 0, 3, 0, 0, 0, 3, 0, 0, 0, 3, 0, 0, 0, 3, 0, 0, 0, 3, 0, 0, 0, 3, 0, 0, 0, 3, 0, 0, 0, 3, 0, 0, 0, 3, 0, 0, 0, 3, 0, 0, 0, 3, 0, 0, 0, 3, 0, 0, 0, 3, 0, 0, 0, 3, 0, 0, 0, 3, 0, 0, 0, 3, 0, 0, 0, 3, 0, 0, 0, 3, 0, 0, 0, 3, 0, 0, 0, 3, 0, 0, 0, 3, 0, 0, 0, 3, 0, 0, 0, 3, 0, 0, 0, 3, 0, 0, 0, 3, 0, 0, 0, 3, 0, 0, 0, 3, 0, 0, 0, 3, 0, 0, 0, 3, 0, 0, 0, 3, 0, 0, 0, 3, 0, 0, 0, 3, 0, 0, 0, 3, 0, 0, 0, 3, 0, 0, 0, 3, 0, 0, 0, 3, 0, 0, 0, 3, 0, 0, 0, 3, 0, 0, 0, 3, 0, 0, 0, 3, 0, 0, 0, 3, 0, 0, 0, 3, 0, 0, 0, 3, 0, 0, 0, 3, 0, 0, 0, 3, 0, 0, 0, 3, 0, 0, 0, 3, 0, 0, 0, 3, 0, 0, 0, 3, 0, 0, 0, 3, 0, 0, 0, 3, 0, 0, 0, 3, 0, 0, 0, 3, 0, 0, 0, 3, 0, 0, 0, 3, 0, 0, 0, 3, 0, 0, 0, 3, 0, 0, 0, 3, 0, 0, 0, 3, 0, 0, 0, 3, 0, 0, 0, 3, 0, 0, 0, 3, 0, 0, 0, 3, 0, 0, 0, 3, 0, 0, 0, 3, 0, 0, 0, 3, 0, 0, 0, 3, 0, 0, 0, 3, 0, 0, 0, 3, 0, 0, 0, 3, 0, 0, 0, 3, 0, 0, 0, 3, 0, 0, 0, 3, 0, 0, 0, 3, 0, 0, 0, 3, 0, 0, 0, 3, 0, 0, 0, 3, 0, 0, 0, 3, 0, 0, 0, 3, 0, 0, 0, 3, 0, 0, 0, 3, 0, 0, 0, 3, 0, 0, 0, 3, 0, 0, 0, 3, 0, 0, 0, 3, 0, 0, 0, 3, 0, 0, 0, 3, 0, 0, 0, 3, 0, 0, 0, 3, 0, 0, 0, 3, 0, 0, 0, 3, 0, 0, 0, 3, 0, 0, 0, 3, 0, 0, 0, 3, 0, 0, 0, 3, 0, 0, 0, 3, 0, 0, 0, 3, 0, 0, 0, 3, 0, 0, 0, 3, 0, 0, 0, 3, 0, 0, 0, 3, 0, 0, 0, 3, 0, 0, 0, 3, 0, 0, 0, 3, 0, 0, 0, 3, 0, 0, 0, 3, 0, 0, 0, 3, 0, 0, 0, 3, 0, 0, 0, 3, 0, 0, 0, 3, 0, 0, 0, 3, 0, 0, 0, 3, 0, 0, 0, 3, 0, 0, 0, 3, 0, 0, 0, 3, 0, 0, 0, 3, 0, 0, 0, 3, 0, 0, 0, 3, 0, 0, 0, 3, 0, 0, 0, 3, 0, 0, 0, 3, 0, 0, 0, 3, 0, 0, 0, 3, 0, 0, 0, 3, 0, 0, 0, 3, 0, 0, 0, 3, 0, 0, 0, 3, 0, 0, 0, 3, 0, 0, 0, 3, 0, 0, 0, 3, 0, 0, 0, 3, 0, 0, 0, 3, 0, 0, 0, 3, 0, 0, 0, 3, 0, 0, 0, 3, 0, 0, 0, 3, 0, 0, 0, 3, 0, 0, 0, 3, 0, 0, 0, 3, 0, 0, 0, 3, 0, 0, 0, 3, 0, 0, 0, 3, 0, 0, 0, 3, 0, 0, 0, 3, 0, 0, 0, 3, 0, 0, 0, 3, 0, 0, 0, 3, 0, 0, 0, 3, 0, 0, 0, 3, 0, 0, 0, 3, 0, 0, 0, 3, 0, 0, 0, 3, 0, 0, 0, 3, 0, 0, 0, 3, 0, 0, 0, 3, 0, 0, 0, 3, 0, 0, 0, 3, 0, 0, 0, 3, 0, 0, 0, 3, 0, 0, 0, 3, 0, 0, 0, 3, 0, 0, 0, 3, 0, 0, 0, 3, 0, 0, 0, 3, 0, 0, 0, 3, 0, 0, 0, 3, 0, 0, 0, 3, 0, 0, 0, 3, 0, 0, 0, 3, 0, 0, 0, 3, 0, 0, 0, 3, 0, 0, 0, 3, 0, 0, 0, 3, 0, 0, 0, 3, 0, 0, 0, 3, 0, 0, 0, 3, 0, 0, 0, 3, 0, 0, 0, 3, 0, 0, 0, 3, 0, 0, 0, 3, 0, 0, 0, 3, 0, 0, 0, 3, 0, 0, 0, 3, 0, 0, 0, 3, 0, 0, 0, 3, 0, 0, 0, 3, 0, 0, 0, 3, 0, 0, 0, 3, 0, 0, 0, 3, 0, 0, 0, 3, 0, 0, 0, 3, 0, 0, 0, 3, 0, 0, 0, 3, 0, 0, 0, 3, 0, 0, 0, 3, 0, 0, 0, 3, 0, 0, 0, 3, 0, 0, 0, 3, 0, 0, 0, 3, 0, 0, 0, 3, 0, 0, 0, 3, 0, 0, 0, 3, 0, 0, 0, 3, 0, 0, 0, 3, 0, 0, 0, 3, 0, 0, 0, 3, 0, 0, 0, 3, 0, 0, 0, 3, 0, 0, 0, 3, 0, 0, 0, 3, 0, 0, 0, 3, 0, 0, 0, 3, 0, 0, 0, 3, 0, 0, 0, 3, 0, 0, 0, 3, 0, 0, 0, 3, 0, 0, 0, 3, 0, 0, 0, 3, 0, 0, 0, 3, 0, 0, 0, 3, 0, 0, 0, 3, 0, 0, 0, 3, 0, 0, 0, 3, 0, 0, 0, 3, 0, 0, 0, 3, 0, 0, 0, 3, 0, 0, 0, 3, 0, 0, 0, 3, 0, 0, 0, 3, 0, 0, 0, 3, 0, 0, 0, 3, 0, 0, 0, 3, 0, 0, 0, 3, 0, 0, 0, 3, 0, 0, 0, 3, 0, 0, 0, 3, 0, 0, 0, 3, 0, 0, 0, 3, 0, 0, 0, 3, 0, 0, 0, 3, 0, 0, 0, 3, 0, 0, 0, 3, 0, 0, 0, 3, 0, 0, 0, 3, 0, 0, 0, 3, 0, 0, 0, 3, 0, 0, 0, 3, 0, 0, 0, 3, 0, 0, 0, 3, 0, 0, 0, 3, 0, 0, 0, 3, 0, 0, 0, 3, 0, 0, 0, 3, 0, 0, 0, 3, 0, 0, 0, 3, 0, 0, 0, 3, 0, 0, 0, 3, 0, 0, 0, 3, 0, 0, 0, 3, 0, 0, 0, 3, 0, 0, 0, 3, 0, 0, 0, 3, 0, 0, 0, 3, 0, 0, 0, 3, 0, 0, 0, 3, 0, 0, 0, 3, 0, 0, 0, 3, 0, 0, 0, 3, 0, 0, 0, 3, 0, 0, 0, 3, 0, 0, 0, 3, 0, 0, 0, 3, 0, 0, 0, 3, 0, 0, 0, 3, 0, 0, 0, 3, 0, 0, 0, 3, 0, 0, 0, 3, 0, 0, 0, 3, 0, 0, 0, 3, 0, 0, 0, 3, 0, 0, 0, 3, 0, 0, 0, 3, 0, 0, 0, 3, 0, 0, 0, 3, 0, 0, 0, 3, 0, 0, 0, 3, 0, 0, 0, 3, 0, 0, 0, 3, 0, 0, 0, 3, 0, 0, 0, 3, 0, 0, 0, 3, 0, 0, 0, 3, 0, 0, 0, 3, 0, 0, 0, 3, 0, 0, 0, 3, 0, 0, 0, 3, 0, 0, 0, 3, 0, 0, 0, 3, 0, 0, 0, 3, 0, 0, 0, 3, 0, 0, 0, 3, 0, 0, 0, 3, 0, 0, 0, 3, 0, 0, 0, 3, 0, 0, 0, 3, 0, 0, 0, 3, 0, 0, 0, 3, 0, 0, 0, 3, 0, 0, 0, 3, 0, 0, 0, 3, 0, 0, 0, 3, 0, 0, 0, 3, 0, 0, 0, 3, 0, 0, 0, 3, 0, 0, 0, 3, 0, 0, 0, 3, 0, 0, 0, 3, 0, 0, 0, 3, 0, 0, 0, 3, 0, 0, 0, 3, 0, 0, 0, 3, 0, 0, 0, 3, 0, 0, 0, 3, 0, 0, 0, 3, 0, 0, 0, 3, 0, 0, 0, 3, 0, 0, 0, 3, 0, 0, 0, 3, 0, 0, 0, 3, 0, 0, 0, 3, 0, 0, 0, 3, 0, 0, 0, 3, 0, 0, 0, 3, 0, 0, 0, 3, 0, 0, 0, 3, 0, 0, 0, 3, 0, 0, 0, 3, 0, 0, 0, 3, 0, 0, 0, 3, 0, 0, 0, 3, 0, 0, 0, 3, 0, 0, 0, 3, 0, 0, 0, 3, 0, 0, 0, 3, 0, 0, 0, 3, 0, 0, 0, 3, 0, 0, 0, 3, 0, 0, 0, 3, 0, 0, 0, 3, 0, 0, 0, 3, 0, 0, 0, 3, 0, 0, 0, 3, 0, 0, 0, 3, 0, 0, 0, 3, 0, 0, 0, 3, 0, 0, 0, 3, 0, 0, 0, 3, 0, 0, 0, 3, 0, 0, 0, 3, 0, 0, 0, 3, 0, 0, 0, 3, 0, 0, 0, 3, 0, 0, 0, 3, 0, 0, 0, 3, 0, 0, 0, 3, 0, 0, 0, 3, 0, 0, 0, 3, 0, 0, 0, 3, 0, 0, 0, 3, 0, 0, 0, 3, 0, 0, 0, 3, 0, 0, 0, 3, 0, 0, 0, 3, 0, 0, 0, 3, 0, 0, 0, 3, 0, 0, 0, 3, 0, 0, 0, 3, 0, 0, 0, 3, 0, 0, 0, 3, 0, 0, 0, 3, 0, 0, 0, 3, 0, 0, 0, 3, 0, 0, 0, 3, 0, 0, 0, 3, 0, 0, 0, 3, 0, 0, 0, 3, 0, 0, 0, 3, 0, 0, 0, 3, 0, 0, 0, 3, 0, 0, 0, 3, 0, 0, 0, 3, 0, 0, 0, 3, 0, 0, 0, 3, 0, 0, 0, 3, 0, 0, 0, 3, 0, 0, 0, 3, 0, 0, 0, 3, 0, 0, 0, 3, 0, 0, 0, 3, 0, 0, 0, 3, 0, 0, 0, 3, 0, 0, 0, 3, 0, 0, 0, 3, 0, 0, 0, 3, 0, 0, 0, 3, 0, 0, 0, 3, 0, 0, 0, 3, 0, 0, 0, 3, 0, 0, 0, 3, 0, 0, 0, 3, 0, 0, 0, 3, 0, 0, 0, 3, 0, 0, 0, 3, 0, 0, 0, 3, 0, 0, 0, 3, 0, 0, 0, 3, 0, 0, 0, 3, 0, 0, 0, 3, 0, 0, 0, 3, 0, 0, 0, 3, 0, 0, 0, 3, 0, 0, 0, 3, 0, 0, 0, 3, 0, 0, 0, 3, 0, 0, 0, 3, 0, 0, 0, 3, 0, 0, 0, 3, 0, 0, 0, 3, 0, 0, 0, 3, 0, 0, 0, 3, 0, 0, 0, 3, 0, 0, 0, 3, 0, 0, 0, 3, 0, 0, 0, 3, 0, 0, 0, 3, 0, 0, 0, 3, 0, 0, 0, 3, 0, 0, 0, 3, 0, 0, 0, 3, 0, 0, 0, 3, 0, 0, 0, 3, 0, 0, 0, 3, 0, 0, 0, 3, 0, 0, 0, 3, 0, 0, 0, 3, 0, 0, 0, 3, 0, 0, 0, 3, 0, 0, 0, 3, 0, 0, 0, 3, 0, 0, 0, 3, 0, 0, 0, 3, 0, 0, 0, 3, 0, 0, 0, 3, 0, 0, 0, 3, 0, 0, 0, 3, 0, 0, 0, 3, 0, 0, 0, 3, 0, 0, 0, 3, 0, 0, 0, 3, 0, 0, 0, 3, 0, 0, 0, 3, 0, 0, 0, 3, 0, 0, 0, 3, 0, 0, 0, 3, 0, 0, 0, 3, 0, 0, 0, 3, 0, 0, 0, 3, 0, 0, 0, 3, 0, 0, 0, 3, 0, 0, 0, 3, 0, 0, 0, 3, 0, 0, 0, 3, 0, 0, 0, 3, 0, 0, 0, 3, 0, 0, 0, 3, 0, 0, 0, 3, 0, 0, 0, 3, 0, 0, 0, 3, 0, 0, 0, 3, 0, 0, 0, 3, 0, 0, 0, 3, 0, 0, 0, 3, 0, 0, 0, 3, 0, 0, 0, 3, 0, 0, 0, 3, 0, 0, 0, 3, 0, 0, 0, 3, 0, 0, 0, 3, 0, 0, 0, 3, 0, 0, 0, 3, 0, 0, 0, 3, 0, 0, 0, 3, 0, 0, 0, 3, 0, 0, 0, 3, 0, 0, 0, 3, 0, 0, 0, 3, 0, 0, 0, 3, 0, 0, 0, 3, 0, 0, 0, 3, 0, 0, 0, 3, 0, 0, 0, 3, 0, 0, 0, 3, 0, 0, 0, 3, 0, 0, 0, 3, 0, 0, 0, 3, 0, 0, 0, 3, 0, 0, 0, 3, 0, 0, 0, 3, 0, 0, 0, 3, 0, 0, 0, 3, 0, 0, 0, 3, 0, 0, 0, 3, 0, 0, 0, 3, 0, 0, 0, 3, 0, 0, 0, 3, 0, 0, 0, 3, 0, 0, 0, 3, 0, 0, 0, 3, 0, 0, 0, 3, 0, 0, 0, 3, 0, 0, 0, 3, 0, 0, 0, 3, 0, 0, 0, 3, 0, 0, 0, 3, 0, 0, 0, 3, 0, 0, 0, 3, 0, 0, 0, 3, 0, 0, 0, 3, 0, 0, 0, 3, 0, 0, 0, 3, 0, 0, 0, 3, 0, 0, 0, 3, 0, 0, 0, 3, 0, 0, 0, 3, 0, 0, 0, 3, 0, 0, 0] (
                    elementSize = 4
                    interpolation = "vertex"
                )
                float[] primvars:skel:jointWeights = [1, 0, 0, 0, 1, 0, 0, 0, 1, 0, 0, 0, 1, 0, 0, 0, 1, 0, 0, 0, 1, 0, 0, 0, 1, 0, 0, 0, 1, 0, 0, 0, 1, 0, 0, 0, 1, 0, 0, 0, 1, 0, 0, 0, 1, 0, 0, 0, 1, 0, 0, 0, 1, 0, 0, 0, 1, 0, 0, 0, 1, 0, 0, 0, 1, 0, 0, 0, 1, 0, 0, 0, 1, 0, 0, 0, 1, 0, 0, 0, 1, 0, 0, 0, 1, 0, 0, 0, 1, 0, 0, 0, 1, 0, 0, 0, 1, 0, 0, 0, 1, 0, 0, 0, 1, 0, 0, 0, 1, 0, 0, 0, 1, 0, 0, 0, 1, 0, 0, 0, 1, 0, 0, 0, 1, 0, 0, 0, 1, 0, 0, 0, 1, 0, 0, 0, 1, 0, 0, 0, 1, 0, 0, 0, 1, 0, 0, 0, 1, 0, 0, 0, 1, 0, 0, 0, 1, 0, 0, 0, 1, 0, 0, 0, 1, 0, 0, 0, 1, 0, 0, 0, 1, 0, 0, 0, 1, 0, 0, 0, 1, 0, 0, 0, 1, 0, 0, 0, 1, 0, 0, 0, 1, 0, 0, 0, 1, 0, 0, 0, 1, 0, 0, 0, 1, 0, 0, 0, 1, 0, 0, 0, 1, 0, 0, 0, 1, 0, 0, 0, 1, 0, 0, 0, 1, 0, 0, 0, 1, 0, 0, 0, 1, 0, 0, 0, 1, 0, 0, 0, 1, 0, 0, 0, 1, 0, 0, 0, 1, 0, 0, 0, 1, 0, 0, 0, 1, 0, 0, 0, 1, 0, 0, 0, 1, 0, 0, 0, 1, 0, 0, 0, 1, 0, 0, 0, 1, 0, 0, 0, 1, 0, 0, 0, 1, 0, 0, 0, 1, 0, 0, 0, 1, 0, 0, 0, 1, 0, 0, 0, 1, 0, 0, 0, 1, 0, 0, 0, 1, 0, 0, 0, 1, 0, 0, 0, 1, 0, 0, 0, 1, 0, 0, 0, 1, 0, 0, 0, 1, 0, 0, 0, 1, 0, 0, 0, 1, 0, 0, 0, 1, 0, 0, 0, 1, 0, 0, 0, 1, 0, 0, 0, 1, 0, 0, 0, 1, 0, 0, 0, 1, 0, 0, 0, 1, 0, 0, 0, 1, 0, 0, 0, 1, 0, 0, 0, 1, 0, 0, 0, 1, 0, 0, 0, 1, 0, 0, 0, 1, 0, 0, 0, 1, 0, 0, 0, 1, 0, 0, 0, 1, 0, 0, 0, 1, 0, 0, 0, 1, 0, 0, 0, 1, 0, 0, 0, 1, 0, 0, 0, 1, 0, 0, 0, 1, 0, 0, 0, 1, 0, 0, 0, 1, 0, 0, 0, 1, 0, 0, 0, 1, 0, 0, 0, 1, 0, 0, 0, 1, 0, 0, 0, 1, 0, 0, 0, 1, 0, 0, 0, 1, 0, 0, 0, 1, 0, 0, 0, 1, 0, 0, 0, 1, 0, 0, 0, 1, 0, 0, 0, 1, 0, 0, 0, 1, 0, 0, 0, 1, 0, 0, 0, 1, 0, 0, 0, 1, 0, 0, 0, 1, 0, 0, 0, 1, 0, 0, 0, 1, 0, 0, 0, 1, 0, 0, 0, 1, 0, 0, 0, 1, 0, 0, 0, 1, 0, 0, 0, 1, 0, 0, 0, 1, 0, 0, 0, 1, 0, 0, 0, 1, 0, 0, 0, 1, 0, 0, 0, 1, 0, 0, 0, 1, 0, 0, 0, 1, 0, 0, 0, 1, 0, 0, 0, 1, 0, 0, 0, 1, 0, 0, 0, 1, 0, 0, 0, 1, 0, 0, 0, 1, 0, 0, 0, 1, 0, 0, 0, 1, 0, 0, 0, 1, 0, 0, 0, 1, 0, 0, 0, 1, 0, 0, 0, 1, 0, 0, 0, 1, 0, 0, 0, 1, 0, 0, 0, 1, 0, 0, 0, 1, 0, 0, 0, 1, 0, 0, 0, 1, 0, 0, 0, 1, 0, 0, 0, 1, 0, 0, 0, 1, 0, 0, 0, 1, 0, 0, 0, 1, 0, 0, 0, 1, 0, 0, 0, 1, 0, 0, 0, 1, 0, 0, 0, 1, 0, 0, 0, 1, 0, 0, 0, 1, 0, 0, 0, 1, 0, 0, 0, 1, 0, 0, 0, 1, 0, 0, 0, 1, 0, 0, 0, 1, 0, 0, 0, 1, 0, 0, 0, 1, 0, 0, 0, 1, 0, 0, 0, 1, 0, 0, 0, 1, 0, 0, 0, 1, 0, 0, 0, 1, 0, 0, 0, 1, 0, 0, 0, 1, 0, 0, 0, 1, 0, 0, 0, 1, 0, 0, 0, 1, 0, 0, 0, 1, 0, 0, 0, 1, 0, 0, 0, 1, 0, 0, 0, 1, 0, 0, 0, 1, 0, 0, 0, 1, 0, 0, 0, 1, 0, 0, 0, 1, 0, 0, 0, 1, 0, 0, 0, 1, 0, 0, 0, 1, 0, 0, 0, 1, 0, 0, 0, 1, 0, 0, 0, 1, 0, 0, 0, 1, 0, 0, 0, 1, 0, 0, 0, 1, 0, 0, 0, 1, 0, 0, 0, 1, 0, 0, 0, 1, 0, 0, 0, 1, 0, 0, 0, 1, 0, 0, 0, 1, 0, 0, 0, 1, 0, 0, 0, 1, 0, 0, 0, 1, 0, 0, 0, 1, 0, 0, 0, 1, 0, 0, 0, 1, 0, 0, 0, 1, 0, 0, 0, 1, 0, 0, 0, 1, 0, 0, 0, 1, 0, 0, 0, 1, 0, 0, 0, 1, 0, 0, 0, 1, 0, 0, 0, 1, 0, 0, 0, 1, 0, 0, 0, 1, 0, 0, 0, 1, 0, 0, 0, 1, 0, 0, 0, 1, 0, 0, 0, 1, 0, 0, 0, 1, 0, 0, 0, 1, 0, 0, 0, 1, 0, 0, 0, 1, 0, 0, 0, 1, 0, 0, 0, 1, 0, 0, 0, 1, 0, 0, 0, 1, 0, 0, 0, 1, 0, 0, 0, 1, 0, 0, 0, 1, 0, 0, 0, 1, 0, 0, 0, 1, 0, 0, 0, 1, 0, 0, 0, 1, 0, 0, 0, 1, 0, 0, 0, 1, 0, 0, 0, 1, 0, 0, 0, 1, 0, 0, 0, 1, 0, 0, 0, 1, 0, 0, 0, 1, 0, 0, 0, 1, 0, 0, 0, 1, 0, 0, 0, 1, 0, 0, 0, 1, 0, 0, 0, 1, 0, 0, 0, 1, 0, 0, 0, 1, 0, 0, 0, 1, 0, 0, 0, 1, 0, 0, 0, 1, 0, 0, 0, 1, 0, 0, 0, 1, 0, 0, 0, 1, 0, 0, 0, 1, 0, 0, 0, 1, 0, 0, 0, 1, 0, 0, 0, 1, 0, 0, 0, 1, 0, 0, 0, 1, 0, 0, 0, 1, 0, 0, 0, 1, 0, 0, 0, 1, 0, 0, 0, 1, 0, 0, 0, 1, 0, 0, 0, 1, 0, 0, 0, 1, 0, 0, 0, 1, 0, 0, 0, 1, 0, 0, 0, 1, 0, 0, 0, 1, 0, 0, 0, 1, 0, 0, 0, 1, 0, 0, 0, 1, 0, 0, 0, 1, 0, 0, 0, 1, 0, 0, 0, 1, 0, 0, 0, 1, 0, 0, 0, 1, 0, 0, 0, 1, 0, 0, 0, 1, 0, 0, 0, 1, 0, 0, 0, 1, 0, 0, 0, 1, 0, 0, 0, 1, 0, 0, 0, 1, 0, 0, 0, 1, 0, 0, 0, 1, 0, 0, 0, 1, 0, 0, 0, 1, 0, 0, 0, 1, 0, 0, 0, 1, 0, 0, 0, 1, 0, 0, 0, 1, 0, 0, 0, 1, 0, 0, 0, 1, 0, 0, 0, 1, 0, 0, 0, 1, 0, 0, 0, 1, 0, 0, 0, 1, 0, 0, 0, 1, 0, 0, 0, 1, 0, 0, 0, 1, 0, 0, 0, 1, 0, 0, 0, 1, 0, 0, 0, 1, 0, 0, 0, 1, 0, 0, 0, 1, 0, 0, 0, 1, 0, 0, 0, 1, 0, 0, 0, 1, 0, 0, 0, 1, 0, 0, 0, 1, 0, 0, 0, 1, 0, 0, 0, 1, 0, 0, 0, 1, 0, 0, 0, 1, 0, 0, 0, 1, 0, 0, 0, 1, 0, 0, 0, 1, 0, 0, 0, 1, 0, 0, 0, 1, 0, 0, 0, 1, 0, 0, 0, 1, 0, 0, 0, 1, 0, 0, 0, 1, 0, 0, 0, 1, 0, 0, 0, 1, 0, 0, 0, 1, 0, 0, 0, 1, 0, 0, 0, 1, 0, 0, 0, 1, 0, 0, 0, 1, 0, 0, 0, 1, 0, 0, 0, 1, 0, 0, 0, 1, 0, 0, 0, 1, 0, 0, 0, 1, 0, 0, 0, 1, 0, 0, 0, 1, 0, 0, 0, 1, 0, 0, 0, 1, 0, 0, 0, 1, 0, 0, 0, 1, 0, 0, 0, 1, 0, 0, 0, 1, 0, 0, 0, 1, 0, 0, 0, 1, 0, 0, 0, 1, 0, 0, 0, 1, 0, 0, 0, 1, 0, 0, 0, 1, 0, 0, 0, 1, 0, 0, 0, 1, 0, 0, 0, 1, 0, 0, 0, 1, 0, 0, 0, 1, 0, 0, 0, 1, 0, 0, 0, 1, 0, 0, 0, 1, 0, 0, 0, 1, 0, 0, 0, 1, 0, 0, 0, 1, 0, 0, 0, 1, 0, 0, 0, 1, 0, 0, 0, 1, 0, 0, 0, 1, 0, 0, 0, 1, 0, 0, 0, 1, 0, 0, 0, 1, 0, 0, 0, 1, 0, 0, 0, 1, 0, 0, 0, 1, 0, 0, 0, 1, 0, 0, 0, 1, 0, 0, 0, 1, 0, 0, 0, 1, 0, 0, 0, 1, 0, 0, 0, 1, 0, 0, 0, 1, 0, 0, 0, 1, 0, 0, 0, 1, 0, 0, 0, 1, 0, 0, 0, 1, 0, 0, 0, 1, 0, 0, 0, 1, 0, 0, 0, 1, 0, 0, 0, 1, 0, 0, 0, 1, 0, 0, 0, 1, 0, 0, 0, 1, 0, 0, 0, 1, 0, 0, 0, 1, 0, 0, 0, 1, 0, 0, 0, 1, 0, 0, 0, 1, 0, 0, 0, 1, 0, 0, 0, 1, 0, 0, 0, 1, 0, 0, 0, 1, 0, 0, 0, 1, 0, 0, 0, 1, 0, 0, 0, 1, 0, 0, 0, 1, 0, 0, 0, 1, 0, 0, 0, 1, 0, 0, 0, 1, 0, 0, 0, 1, 0, 0, 0, 1, 0, 0, 0, 1, 0, 0, 0, 1, 0, 0, 0, 1, 0, 0, 0, 1, 0, 0, 0, 1, 0, 0, 0, 1, 0, 0, 0, 1, 0, 0, 0, 1, 0, 0, 0, 1, 0, 0, 0, 1, 0, 0, 0, 1, 0, 0, 0, 1, 0, 0, 0, 1, 0, 0, 0, 1, 0, 0, 0, 1, 0, 0, 0, 1, 0, 0, 0, 1, 0, 0, 0, 1, 0, 0, 0, 1, 0, 0, 0, 1, 0, 0, 0, 1, 0, 0, 0, 1, 0, 0, 0, 1, 0, 0, 0, 1, 0, 0, 0, 1, 0, 0, 0, 1, 0, 0, 0, 1, 0, 0, 0, 1, 0, 0, 0, 1, 0, 0, 0, 1, 0, 0, 0, 1, 0, 0, 0, 1, 0, 0, 0, 1, 0, 0, 0, 1, 0, 0, 0, 1, 0, 0, 0, 1, 0, 0, 0, 1, 0, 0, 0, 1, 0, 0, 0, 1, 0, 0, 0, 1, 0, 0, 0, 1, 0, 0, 0, 1, 0, 0, 0, 1, 0, 0, 0, 1, 0, 0, 0, 1, 0, 0, 0, 1, 0, 0, 0, 1, 0, 0, 0, 1, 0, 0, 0, 1, 0, 0, 0, 1, 0, 0, 0, 1, 0, 0, 0, 1, 0, 0, 0, 1, 0, 0, 0, 1, 0, 0, 0, 1, 0, 0, 0, 1, 0, 0, 0, 1, 0, 0, 0, 1, 0, 0, 0, 1, 0, 0, 0, 1, 0, 0, 0, 1, 0, 0, 0, 1, 0, 0, 0, 1, 0, 0, 0, 1, 0, 0, 0, 1, 0, 0, 0, 1, 0, 0, 0, 1, 0, 0, 0, 1, 0, 0, 0, 1, 0, 0, 0, 1, 0, 0, 0, 1, 0, 0, 0, 1, 0, 0, 0, 1, 0, 0, 0, 1, 0, 0, 0, 1, 0, 0, 0, 1, 0, 0, 0, 1, 0, 0, 0, 1, 0, 0, 0, 1, 0, 0, 0, 1, 0, 0, 0, 1, 0, 0, 0, 1, 0, 0, 0, 1, 0, 0, 0, 1, 0, 0, 0, 1, 0, 0, 0, 1, 0, 0, 0, 1, 0, 0, 0, 1, 0, 0, 0, 1, 0, 0, 0, 1, 0, 0, 0, 1, 0, 0, 0, 1, 0, 0, 0, 1, 0, 0, 0, 1, 0, 0, 0, 1, 0, 0, 0, 1, 0, 0, 0, 1, 0, 0, 0, 1, 0, 0, 0, 1, 0, 0, 0, 1, 0, 0, 0, 1, 0, 0, 0, 1, 0, 0, 0, 1, 0, 0, 0, 1, 0, 0, 0, 1, 0, 0, 0, 1, 0, 0, 0, 1, 0, 0, 0, 1, 0, 0, 0, 1, 0, 0, 0, 1, 0, 0, 0, 1, 0, 0, 0, 1, 0, 0, 0, 1, 0, 0, 0, 1, 0, 0, 0, 1, 0, 0, 0, 1, 0, 0, 0, 1, 0, 0, 0, 1, 0, 0, 0, 1, 0, 0, 0, 1, 0, 0, 0, 1, 0, 0, 0, 1, 0, 0, 0, 1, 0, 0, 0, 1, 0, 0, 0, 1, 0, 0, 0, 1, 0, 0, 0, 1, 0, 0, 0, 1, 0, 0, 0, 1, 0, 0, 0, 1, 0, 0, 0, 1, 0, 0, 0, 1, 0, 0, 0, 1, 0, 0, 0, 1, 0, 0, 0, 1, 0, 0, 0, 1, 0, 0, 0, 1, 0, 0, 0, 1, 0, 0, 0, 1, 0, 0, 0, 1, 0, 0, 0, 1, 0, 0, 0, 1, 0, 0, 0, 1, 0, 0, 0, 1, 0, 0, 0, 1, 0, 0, 0, 1, 0, 0, 0, 1, 0, 0, 0, 1, 0, 0, 0, 1, 0, 0, 0, 1, 0, 0, 0, 1, 0, 0, 0, 1, 0, 0, 0, 1, 0, 0, 0, 1, 0, 0, 0, 1, 0, 0, 0, 1, 0, 0, 0, 1, 0, 0, 0, 1, 0, 0, 0, 1, 0, 0, 0, 1, 0, 0, 0, 1, 0, 0, 0, 1, 0, 0, 0, 1, 0, 0, 0, 1, 0, 0, 0, 1, 0, 0, 0, 1, 0, 0, 0, 1, 0, 0, 0, 1, 0, 0, 0, 1, 0, 0, 0, 1, 0, 0, 0, 1, 0, 0, 0, 1, 0, 0, 0, 1, 0, 0, 0, 1, 0, 0, 0, 1, 0, 0, 0, 1, 0, 0, 0, 1, 0, 0, 0, 1, 0, 0, 0, 1, 0, 0, 0, 1, 0, 0, 0, 1, 0, 0, 0, 1, 0, 0, 0, 1, 0, 0, 0, 1, 0, 0, 0, 1, 0, 0, 0, 1, 0, 0, 0, 1, 0, 0, 0, 1, 0, 0, 0, 1, 0, 0, 0, 1, 0, 0, 0, 1, 0, 0, 0, 1, 0, 0, 0, 1, 0, 0, 0, 1, 0, 0, 0, 1, 0, 0, 0, 1, 0, 0, 0, 1, 0, 0, 0, 1, 0, 0, 0, 1, 0, 0, 0, 1, 0, 0, 0, 1, 0, 0, 0, 1, 0, 0, 0, 1, 0, 0, 0, 1, 0, 0, 0, 1, 0, 0, 0, 1, 0, 0, 0, 1, 0, 0, 0, 1, 0, 0, 0, 1, 0, 0, 0, 1, 0, 0, 0, 1, 0, 0, 0, 1, 0, 0, 0, 1, 0, 0, 0, 1, 0, 0, 0, 1, 0, 0, 0, 1, 0, 0, 0, 1, 0, 0, 0, 1, 0, 0, 0, 1, 0, 0, 0, 1, 0, 0, 0, 1, 0, 0, 0, 1, 0, 0, 0, 1, 0, 0, 0, 1, 0, 0, 0, 1, 0, 0, 0, 1, 0, 0, 0, 1, 0, 0, 0, 1, 0, 0, 0, 1, 0, 0, 0, 1, 0, 0, 0, 1, 0, 0, 0, 1, 0, 0, 0, 1, 0, 0, 0, 1, 0, 0, 0, 1, 0, 0, 0, 1, 0, 0, 0, 1, 0, 0, 0, 1, 0, 0, 0, 1, 0, 0, 0, 1, 0, 0, 0, 1, 0, 0, 0, 1, 0, 0, 0, 1, 0, 0, 0, 1, 0, 0, 0, 1, 0, 0, 0, 1, 0, 0, 0, 1, 0, 0, 0, 1, 0, 0, 0, 1, 0, 0, 0, 1, 0, 0, 0, 1, 0, 0, 0, 1, 0, 0, 0, 1, 0, 0, 0, 1, 0, 0, 0, 1, 0, 0, 0, 1, 0, 0, 0, 1, 0, 0, 0, 1, 0, 0, 0, 1, 0, 0, 0, 1, 0, 0, 0, 1, 0, 0, 0, 1, 0, 0, 0, 1, 0, 0, 0, 1, 0, 0, 0, 1, 0, 0, 0, 1, 0, 0, 0, 1, 0, 0, 0, 1, 0, 0, 0, 1, 0, 0, 0, 1, 0, 0, 0, 1, 0, 0, 0, 1, 0, 0, 0, 1, 0, 0, 0, 1, 0, 0, 0, 1, 0, 0, 0, 1, 0, 0, 0, 1, 0, 0, 0, 1, 0, 0, 0, 1, 0, 0, 0, 1, 0, 0, 0, 1, 0, 0, 0, 1, 0, 0, 0, 1, 0, 0, 0, 1, 0, 0, 0, 1, 0, 0, 0, 1, 0, 0, 0, 1, 0, 0, 0, 1, 0, 0, 0, 1, 0, 0, 0, 1, 0, 0, 0, 1, 0, 0, 0, 1, 0, 0, 0, 1, 0, 0, 0, 1, 0, 0, 0, 1, 0, 0, 0, 1, 0, 0, 0, 1, 0, 0, 0, 1, 0, 0, 0, 1, 0, 0, 0, 1, 0, 0, 0, 1, 0, 0, 0, 1, 0, 0, 0, 1, 0, 0, 0, 1, 0, 0, 0, 1, 0, 0, 0, 1, 0, 0, 0, 1, 0, 0, 0, 1, 0, 0, 0, 1, 0, 0, 0, 1, 0, 0, 0, 1, 0, 0, 0, 1, 0, 0, 0, 1, 0, 0, 0, 1, 0, 0, 0, 1, 0, 0, 0, 1, 0, 0, 0, 1, 0, 0, 0, 1, 0, 0, 0, 1, 0, 0, 0, 1, 0, 0, 0, 1, 0, 0, 0, 1, 0, 0, 0, 1, 0, 0, 0, 1, 0, 0, 0, 1, 0, 0, 0, 1, 0, 0, 0, 1, 0, 0, 0, 1, 0, 0, 0, 1, 0, 0, 0, 1, 0, 0, 0, 1, 0, 0, 0, 1, 0, 0, 0, 1, 0, 0, 0, 1, 0, 0, 0, 1, 0, 0, 0, 1, 0, 0, 0, 1, 0, 0, 0, 1, 0, 0, 0, 1, 0, 0, 0, 1, 0, 0, 0, 1, 0, 0, 0, 1, 0, 0, 0, 1, 0, 0, 0, 1, 0, 0, 0, 1, 0, 0, 0, 1, 0, 0, 0, 1, 0, 0, 0, 1, 0, 0, 0, 1, 0, 0, 0, 1, 0, 0, 0, 1, 0, 0, 0, 1, 0, 0, 0, 1, 0, 0, 0, 1, 0, 0, 0, 1, 0, 0, 0, 1, 0, 0, 0, 1, 0, 0, 0, 1, 0, 0, 0, 1, 0, 0, 0, 1, 0, 0, 0, 1, 0, 0, 0, 1, 0, 0, 0, 1, 0, 0, 0, 1, 0, 0, 0, 1, 0, 0, 0, 1, 0, 0, 0, 1, 0, 0, 0, 1, 0, 0, 0, 1, 0, 0, 0, 1, 0, 0, 0, 1, 0, 0, 0, 1, 0, 0, 0, 1, 0, 0, 0, 1, 0, 0, 0, 1, 0, 0, 0, 1, 0, 0, 0, 1, 0, 0, 0, 1, 0, 0, 0, 1, 0, 0, 0, 1, 0, 0, 0, 1, 0, 0, 0, 1, 0, 0, 0, 1, 0, 0, 0, 1, 0, 0, 0, 1, 0, 0, 0, 1, 0, 0, 0, 1, 0, 0, 0, 1, 0, 0, 0, 1, 0, 0, 0, 1, 0, 0, 0, 1, 0, 0, 0, 1, 0, 0, 0, 1, 0, 0, 0, 1, 0, 0, 0, 1, 0, 0, 0, 1, 0, 0, 0, 1, 0, 0, 0, 1, 0, 0, 0, 1, 0, 0, 0, 1, 0, 0, 0, 1, 0, 0, 0, 1, 0, 0, 0, 1, 0, 0, 0, 1, 0, 0, 0, 1, 0, 0, 0, 1, 0, 0, 0, 1, 0, 0, 0, 1, 0, 0, 0, 1, 0, 0, 0, 1, 0, 0, 0, 1, 0, 0, 0, 1, 0, 0, 0, 1, 0, 0, 0, 1, 0, 0, 0, 1, 0, 0, 0, 1, 0, 0, 0, 1, 0, 0, 0, 1, 0, 0, 0, 1, 0, 0, 0, 1, 0, 0, 0, 1, 0, 0, 0, 1, 0, 0, 0, 1, 0, 0, 0, 1, 0, 0, 0, 1, 0, 0, 0, 1, 0, 0, 0, 1, 0, 0, 0, 1, 0, 0, 0, 1, 0, 0, 0, 1, 0, 0, 0, 1, 0, 0, 0, 1, 0, 0, 0, 1, 0, 0, 0, 1, 0, 0, 0, 1, 0, 0, 0, 1, 0, 0, 0, 1, 0, 0, 0, 1, 0, 0, 0, 1, 0, 0, 0, 1, 0, 0, 0, 1, 0, 0, 0, 1, 0, 0, 0, 1, 0, 0, 0, 1, 0, 0, 0, 1, 0, 0, 0, 1, 0, 0, 0, 1, 0, 0, 0, 1, 0, 0, 0, 1, 0, 0, 0, 1, 0, 0, 0, 1, 0, 0, 0, 1, 0, 0, 0, 1, 0, 0, 0, 1, 0, 0, 0, 1, 0, 0, 0, 1, 0, 0, 0, 1, 0, 0, 0, 1, 0, 0, 0, 1, 0, 0, 0, 1, 0, 0, 0, 1, 0, 0, 0, 1, 0, 0, 0, 1, 0, 0, 0, 1, 0, 0, 0, 1, 0, 0, 0, 1, 0, 0, 0, 1, 0, 0, 0, 1, 0, 0, 0, 1, 0, 0, 0, 1, 0, 0, 0, 1, 0, 0, 0, 1, 0, 0, 0, 1, 0, 0, 0, 1, 0, 0, 0, 1, 0, 0, 0, 1, 0, 0, 0, 1, 0, 0, 0, 1, 0, 0, 0, 1, 0, 0, 0, 1, 0, 0, 0, 1, 0, 0, 0, 1, 0, 0, 0, 1, 0, 0, 0, 1, 0, 0, 0, 1, 0, 0, 0, 1, 0, 0, 0, 1, 0, 0, 0, 1, 0, 0, 0, 1, 0, 0, 0, 1, 0, 0, 0, 1, 0, 0, 0, 1, 0, 0, 0, 1, 0, 0, 0, 1, 0, 0, 0, 1, 0, 0, 0, 1, 0, 0, 0, 1, 0, 0, 0, 1, 0, 0, 0, 1, 0, 0, 0, 1, 0, 0, 0, 1, 0, 0, 0, 1, 0, 0, 0, 1, 0, 0, 0, 1, 0, 0, 0, 1, 0, 0, 0, 1, 0, 0, 0, 1, 0, 0, 0, 1, 0, 0, 0, 1, 0, 0, 0] (
                    elementSize = 4
                    interpolation = "vertex"
                )
                texCoord2f[] primvars:st = [(0.021179974, 0.4108929), (0.021112442, 0.4096368), (0.021051288, 0.4084785), (0.020997465, 0.4074633), (0.020952582, 0.40663025), (0.020919383, 0.40601137), (0.020899177, 0.40562966), (0.020892024, 0.40550125), (0.020899177, 0.40562966), (0.020919383, 0.40601137), (0.020952582, 0.40663025), (0.020997465, 0.4074633), (0.021051288, 0.4084785), (0.021112442, 0.4096368), (0.021179974, 0.4108929), (0.021249354, 0.41219988), (0.021319091, 0.41350648), (0.021386147, 0.41476297), (0.021447718, 0.41592145), (0.02150166, 0.41693607), (0.021546006, 0.4177689), (0.021578848, 0.4183884), (0.021599472, 0.41876945), (0.021606386, 0.4188979), (0.021599472, 0.41876945), (0.021578848, 0.4183884), (0.021546006, 0.4177689), (0.02150166, 0.41693607), (0.021447718, 0.41592145), (0.021386147, 0.41476297), (0.021319091, 0.41350648), (0.021249354, 0.41219988), (0.3794135, 0.41168484), (0.36081845, 0.41127), (0.36106324, 0.42257822), (0.37966293, 0.4236924), (0.36081845, 0.41127), (0.34140313, 0.41088966), (0.34164166, 0.42148495), (0.36106324, 0.42257822), (0.34140313, 0.41088966), (0.32129896, 0.41054368), (0.32153103, 0.42042226), (0.34164166, 0.42148495), (0.32129896, 0.41054368), (0.3006439, 0.41023538), (0.30086845, 0.41939527), (0.32153103, 0.42042226), (0.3006439, 0.41023538), (0.27957824, 0.40996802), (0.2797946, 0.41841236), (0.30086845, 0.41939527), (0.27957824, 0.40996802), (0.25824648, 0.40974206), (0.25845444, 0.4174798), (0.2797946, 0.41841236), (0.25824648, 0.40974206), (0.23679435, 0.4095595), (0.23699376, 0.41660386), (0.25845444, 0.4174798), (0.23679435, 0.4095595), (0.21536872, 0.40942124), (0.21555752, 0.41579086), (0.23699376, 0.41660386), (0.21536872, 0.40942124), (0.1941151, 0.40932918), (0.19429365, 0.4150454), (0.21555752, 0.41579086), (0.1941151, 0.40932918), (0.17317897, 0.4092828), (0.17334753, 0.41437328), (0.19429365, 0.4150454), (0.17317897, 0.4092828), (0.1527037, 0.4092825), (0.152861, 0.4137798), (0.17334753, 0.41437328), (0.1527037, 0.4092825), (0.13282931, 0.40932965), (0.13297504, 0.41326848), (0.152861, 0.4137798), (0.13282931, 0.40932965), (0.11369038, 0.4094226), (0.11382544, 0.41284195), (0.13297504, 0.41326848), (0.11369038, 0.4094226), (0.09541851, 0.40956107), (0.09554291, 0.41250396), (0.11382544, 0.41284195), (0.09541851, 0.40956107), (0.07813877, 0.4097441), (0.07825139, 0.4122575), (0.09554291, 0.41250396), (0.07813877, 0.4097441), (0.061968684, 0.40997046), (0.06207055, 0.4121022), (0.07825139, 0.4122575), (0.061968684, 0.40997046), (0.047018945, 0.41023877), (0.047109663, 0.4120412), (0.06207055, 0.4121022), (0.047018945, 0.41023877), (0.033391, 0.41054717), (0.033471584, 0.41207355), (0.047109663, 0.4120412), (0.033391, 0.41054717), (0.021179974, 0.4108929), (0.021249354, 0.41219988), (0.033471584, 0.41207355), (0.37917256, 0.40013832), (0.36058298, 0.40039772), (0.36081845, 0.41127), (0.3794135, 0.41168484), (0.36058298, 0.40039772), (0.3411733, 0.40070075), (0.34140313, 0.41088966), (0.36081845, 0.41127), (0.3411733, 0.40070075), (0.32107583, 0.40104464), (0.32129896, 0.41054368), (0.34140313, 0.41088966), (0.32107583, 0.40104464), (0.30042744, 0.40142822), (0.3006439, 0.41023538), (0.32129896, 0.41054368), (0.30042744, 0.40142822), (0.2793702, 0.4018484), (0.27957824, 0.40996802), (0.3006439, 0.41023538), (0.2793702, 0.4018484), (0.25804654, 0.4023017), (0.25824648, 0.40974206), (0.27957824, 0.40996802), (0.25804654, 0.4023017), (0.2366035, 0.40278524), (0.23679435, 0.4095595), (0.25824648, 0.40974206), (0.2366035, 0.40278524), (0.21518695, 0.40329716), (0.21536872, 0.40942124), (0.23679435, 0.4095595), (0.21518695, 0.40329716), (0.19394293, 0.40383187), (0.1941151, 0.40932918), (0.21536872, 0.40942124), (0.19394293, 0.40383187), (0.17301735, 0.4043871), (0.17317897, 0.4092828), (0.1941151, 0.40932918), (0.17301735, 0.4043871), (0.15255225, 0.40495846), (0.1527037, 0.4092825), (0.17317897, 0.4092828), (0.15255225, 0.40495846), (0.1326882, 0.4055425), (0.13282931, 0.40932965), (0.1527037, 0.4092825), (0.1326882, 0.4055425), (0.113560855, 0.40613467), (0.11369038, 0.4094226), (0.13282931, 0.40932965), (0.113560855, 0.40613467), (0.09529978, 0.4067307), (0.09541851, 0.40956107), (0.11369038, 0.4094226), (0.09529978, 0.4067307), (0.07803029, 0.4073276), (0.07813877, 0.4097441), (0.09541851, 0.40956107), (0.07803029, 0.4073276), (0.061870873, 0.40792048), (0.061968684, 0.40997046), (0.07813877, 0.4097441), (0.061870873, 0.40792048), (0.046931684, 0.4085058), (0.047018945, 0.41023877), (0.061968684, 0.40997046), (0.046931684, 0.4085058), (0.033314526, 0.40907875), (0.033391, 0.41054717), (0.047018945, 0.41023877), (0.033314526, 0.40907875), (0.021112442, 0.4096368), (0.021179974, 0.4108929), (0.033391, 0.41054717), (0.37895074, 0.38949698), (0.36036617, 0.39037696), (0.36058298, 0.40039772), (0.37917256, 0.40013832), (0.36036617, 0.39037696), (0.34096134, 0.39131048), (0.3411733, 0.40070075), (0.36058298, 0.40039772), (0.34096134, 0.39131048), (0.3208695, 0.3922906), (0.32107583, 0.40104464), (0.3411733, 0.40070075), (0.3208695, 0.3922906), (0.30022818, 0.3933116), (0.30042744, 0.40142822), (0.32107583, 0.40104464), (0.30022818, 0.3933116), (0.27917764, 0.3943648), (0.2793702, 0.4018484), (0.30042744, 0.40142822), (0.27917764, 0.3943648), (0.257862, 0.39544487), (0.25804654, 0.4023017), (0.2793702, 0.4018484), (0.257862, 0.39544487), (0.2364276, 0.39654288), (0.2366035, 0.40278524), (0.25804654, 0.4023017), (0.2364276, 0.39654288), (0.21501881, 0.39765304), (0.21518695, 0.40329716), (0.2366035, 0.40278524), (0.21501881, 0.39765304), (0.19378436, 0.3987664), (0.19394293, 0.40383187), (0.21518695, 0.40329716), (0.19378436, 0.3987664), (0.1728681, 0.39987573), (0.17301735, 0.4043871), (0.19394293, 0.40383187), (0.1728681, 0.39987573), (0.15241271, 0.40097332), (0.15255225, 0.40495846), (0.17301735, 0.4043871), (0.15241271, 0.40097332), (0.13255835, 0.4020518), (0.1326882, 0.4055425), (0.15255225, 0.40495846), (0.13255835, 0.4020518), (0.113440156, 0.4031039), (0.113560855, 0.40613467), (0.1326882, 0.4055425), (0.113440156, 0.4031039), (0.095188975, 0.40412265), (0.09529978, 0.4067307), (0.113560855, 0.40613467), (0.095188975, 0.40412265), (0.07793015, 0.4051006), (0.07803029, 0.4073276), (0.09529978, 0.4067307), (0.07793015, 0.4051006), (0.061780453, 0.40603125), (0.061870873, 0.40792048), (0.07803029, 0.4073276), (0.061780453, 0.40603125), (0.0468508, 0.40690893), (0.046931684, 0.4085058), (0.061870873, 0.40792048), (0.0468508, 0.40690893), (0.033243835, 0.4077264), (0.033314526, 0.40907875), (0.046931684, 0.4085058), (0.033243835, 0.4077264), (0.021051288, 0.4084785), (0.021112442, 0.4096368), (0.033314526, 0.40907875), (0.37875712, 0.38017008), (0.36017594, 0.38159412), (0.36036617, 0.39037696), (0.37895074, 0.38949698), (0.36017594, 0.38159412), (0.3407758, 0.38308042), (0.34096134, 0.39131048), (0.36036617, 0.39037696), (0.3407758, 0.38308042), (0.32068947, 0.38461745), (0.3208695, 0.3922906), (0.34096134, 0.39131048), (0.32068947, 0.38461745), (0.30005357, 0.38619658), (0.30022818, 0.3933116), (0.3208695, 0.3922906), (0.30005357, 0.38619658), (0.2790097, 0.38780552), (0.27917764, 0.3943648), (0.30022818, 0.3933116), (0.2790097, 0.38780552), (0.2577008, 0.3894346), (0.257862, 0.39544487), (0.27917764, 0.3943648), (0.2577008, 0.3894346), (0.23627326, 0.39107117), (0.2364276, 0.39654288), (0.257862, 0.39544487), (0.23627326, 0.39107117), (0.21487212, 0.39270574), (0.21501881, 0.39765304), (0.2364276, 0.39654288), (0.21487212, 0.39270574), (0.19364595, 0.3943261), (0.19378436, 0.3987664), (0.21501881, 0.39765304), (0.19364595, 0.3943261), (0.17273715, 0.39592096), (0.1728681, 0.39987573), (0.19378436, 0.3987664), (0.17273715, 0.39592096), (0.15229082, 0.3974797), (0.15241271, 0.40097332), (0.1728681, 0.39987573), (0.15229082, 0.3974797), (0.13244474, 0.39899218), (0.13255835, 0.4020518), (0.15241271, 0.40097332), (0.13244474, 0.39899218), (0.11333585, 0.40044826), (0.113440156, 0.4031039), (0.13255835, 0.4020518), (0.11333585, 0.40044826), (0.09509283, 0.4018364), (0.095188975, 0.40412265), (0.113440156, 0.4031039), (0.09509283, 0.4018364), (0.077842236, 0.4031488), (0.07793015, 0.4051006), (0.095188975, 0.40412265), (0.077842236, 0.4031488), (0.061701715, 0.40437546), (0.061780453, 0.40603125), (0.07793015, 0.4051006), (0.061701715, 0.40437546), (0.046781003, 0.40550888), (0.0468508, 0.40690893), (0.061780453, 0.40603125), (0.046781003, 0.40550888), (0.03318131, 0.40654054), (0.033243835, 0.4077264), (0.0468508, 0.40690893), (0.03318131, 0.40654054), (0.020997465, 0.4074633), (0.021051288, 0.4084785), (0.033243835, 0.4077264), (0.3785972, 0.37251577), (0.36001983, 0.37438607), (0.36017594, 0.38159412), (0.37875712, 0.38017008), (0.36001983, 0.37438607), (0.34062332, 0.376325), (0.3407758, 0.38308042), (0.36017594, 0.38159412), (0.34062332, 0.376325), (0.32054093, 0.37832022), (0.32068947, 0.38461745), (0.3407758, 0.38308042), (0.32054093, 0.37832022), (0.29990995, 0.38035733), (0.30005357, 0.38619658), (0.32068947, 0.38461745), (0.29990995, 0.38035733), (0.2788711, 0.382423), (0.2790097, 0.38780552), (0.30005357, 0.38619658), (0.2788711, 0.382423), (0.25756803, 0.38450187), (0.2577008, 0.3894346), (0.2790097, 0.38780552), (0.25756803, 0.38450187), (0.23614591, 0.3865808), (0.23627326, 0.39107117), (0.2577008, 0.3894346), (0.23614591, 0.3865808), (0.2147516, 0.38864526), (0.21487212, 0.39270574), (0.23627326, 0.39107117), (0.2147516, 0.38864526), (0.19353127, 0.39068186), (0.19364595, 0.3943261), (0.21487212, 0.39270574), (0.19353127, 0.39068186), (0.17262995, 0.3926754), (0.17273715, 0.39592096), (0.19364595, 0.3943261), (0.17262995, 0.3926754), (0.15218988, 0.3946131), (0.15229082, 0.3974797), (0.17273715, 0.39592096), (0.15218988, 0.3946131), (0.13235071, 0.39648166), (0.13244474, 0.39899218), (0.15229082, 0.3974797), (0.13235071, 0.39648166), (0.113248706, 0.39826778), (0.11333585, 0.40044826), (0.13244474, 0.39899218), (0.113248706, 0.39826778), (0.09501383, 0.3999599), (0.09509283, 0.4018364), (0.11333585, 0.40044826), (0.09501383, 0.3999599), (0.07777017, 0.4015468), (0.077842236, 0.4031488), (0.09509283, 0.4018364), (0.07777017, 0.4015468), (0.061636984, 0.40301666), (0.061701715, 0.40437546), (0.077842236, 0.4031488), (0.061636984, 0.40301666), (0.046722293, 0.4043597), (0.046781003, 0.40550888), (0.061701715, 0.40437546), (0.046722293, 0.4043597), (0.033130467, 0.40556696), (0.03318131, 0.40654054), (0.046781003, 0.40550888), (0.033130467, 0.40556696), (0.020952582, 0.40663025), (0.020997465, 0.4074633), (0.03318131, 0.40654054), (0.37847894, 0.36682814), (0.3599041, 0.36903018), (0.36001983, 0.37438607), (0.3785972, 0.37251577), (0.3599041, 0.36903018), (0.34051025, 0.3713069), (0.34062332, 0.376325), (0.36001983, 0.37438607), (0.34051025, 0.3713069), (0.3204315, 0.3736415), (0.32054093, 0.37832022), (0.34062332, 0.376325), (0.3204315, 0.3736415), (0.2998036, 0.37601858), (0.29990995, 0.38035733), (0.32054093, 0.37832022), (0.2998036, 0.37601858), (0.27876818, 0.37842298), (0.2788711, 0.382423), (0.29990995, 0.38035733), (0.27876818, 0.37842298), (0.25746945, 0.38083705), (0.25756803, 0.38450187), (0.2788711, 0.382423), (0.25746945, 0.38083705), (0.23605189, 0.3832441), (0.23614591, 0.3865808), (0.25756803, 0.38450187), (0.23605189, 0.3832441), (0.21466309, 0.38562846), (0.2147516, 0.38864526), (0.23614591, 0.3865808), (0.21466309, 0.38562846), (0.1934469, 0.38797393), (0.19353127, 0.39068186), (0.2147516, 0.38864526), (0.1934469, 0.38797393), (0.17255074, 0.3902641), (0.17262995, 0.3926754), (0.19353127, 0.39068186), (0.17255074, 0.3902641), (0.15211582, 0.3924828), (0.15218988, 0.3946131), (0.17262995, 0.3926754), (0.15211582, 0.3924828), (0.13228196, 0.3946158), (0.13235071, 0.39648166), (0.15218988, 0.3946131), (0.13228196, 0.3946158), (0.11318508, 0.396648), (0.113248706, 0.39826778), (0.13235071, 0.39648166), (0.11318508, 0.396648), (0.094955385, 0.3985659), (0.09501383, 0.3999599), (0.113248706, 0.39826778), (0.094955385, 0.3985659), (0.077717304, 0.4003562), (0.07777017, 0.4015468), (0.09501383, 0.3999599), (0.077717304, 0.4003562), (0.061589003, 0.4020068), (0.061636984, 0.40301666), (0.07777017, 0.4015468), (0.061589003, 0.4020068), (0.046679854, 0.40350616), (0.046722293, 0.4043597), (0.061636984, 0.40301666), (0.046679854, 0.40350616), (0.03309226, 0.4048441), (0.033130467, 0.40556696), (0.046722293, 0.4043597), (0.03309226, 0.4048441), (0.020919383, 0.40601137), (0.020952582, 0.40663025), (0.033130467, 0.40556696), (0.37840632, 0.36332577), (0.35983247, 0.36573243), (0.3599041, 0.36903018), (0.37847894, 0.36682814), (0.35983247, 0.36573243), (0.34044057, 0.36821604), (0.34051025, 0.3713069), (0.3599041, 0.36903018), (0.34044057, 0.36821604), (0.32036376, 0.3707598), (0.3204315, 0.3736415), (0.34051025, 0.3713069), (0.32036376, 0.3707598), (0.29973826, 0.37334722), (0.2998036, 0.37601858), (0.3204315, 0.3736415), (0.29973826, 0.37334722), (0.27870545, 0.37595952), (0.27876818, 0.37842298), (0.2998036, 0.37601858), (0.27870545, 0.37595952), (0.25740865, 0.37857944), (0.25746945, 0.38083705), (0.27876818, 0.37842298), (0.25740865, 0.37857944), (0.23599422, 0.3811894), (0.23605189, 0.3832441), (0.25746945, 0.38083705), (0.23599422, 0.3811894), (0.21460709, 0.3837709), (0.21466309, 0.38562846), (0.23605189, 0.3832441), (0.21460709, 0.3837709), (0.19339499, 0.38630655), (0.1934469, 0.38797393), (0.21466309, 0.38562846), (0.19339499, 0.38630655), (0.17250127, 0.38877898), (0.17255074, 0.3902641), (0.1934469, 0.38797393), (0.17250127, 0.38877898), (0.15206927, 0.39117146), (0.15211582, 0.3924828), (0.17255074, 0.3902641), (0.15206927, 0.39117146), (0.1322388, 0.39346692), (0.13228196, 0.3946158), (0.15211582, 0.3924828), (0.1322388, 0.39346692), (0.11314544, 0.3956508), (0.11318508, 0.396648), (0.13228196, 0.3946158), (0.11314544, 0.3956508), (0.09491858, 0.39770752), (0.094955385, 0.3985659), (0.11318508, 0.396648), (0.09491858, 0.39770752), (0.07768375, 0.39962327), (0.077717304, 0.4003562), (0.094955385, 0.3985659), (0.07768375, 0.39962327), (0.061558545, 0.40138477), (0.061589003, 0.4020068), (0.077717304, 0.4003562), (0.061558545, 0.40138477), (0.046652853, 0.4029802), (0.046679854, 0.40350616), (0.061589003, 0.4020068), (0.046652853, 0.4029802), (0.033069074, 0.40439862), (0.03309226, 0.4048441), (0.046679854, 0.40350616), (0.033069074, 0.40439862), (0.020899177, 0.40562966), (0.020919383, 0.40601137), (0.03309226, 0.4048441), (0.37838104, 0.3621428), (0.3595661, 0.36442447), (0.35983247, 0.36573243), (0.37840632, 0.36332577), (0.3595661, 0.36442447), (0.34075084, 0.3667065), (0.34044057, 0.36821604), (0.35983247, 0.36573243), (0.34075084, 0.3667065), (0.3219355, 0.36898893), (0.32036376, 0.3707598), (0.34044057, 0.36821604), (0.3219355, 0.36898893), (0.30312076, 0.3712711), (0.29973826, 0.37334722), (0.32036376, 0.3707598), (0.30312076, 0.3712711), (0.28430527, 0.37355295), (0.27870545, 0.37595952), (0.29973826, 0.37334722), (0.28430527, 0.37355295), (0.26549035, 0.375835), (0.25740865, 0.37857944), (0.27870545, 0.37595952), (0.26549035, 0.375835), (0.24667531, 0.37811697), (0.23599422, 0.3811894), (0.25740865, 0.37857944), (0.24667531, 0.37811697), (0.22785977, 0.38039947), (0.21460709, 0.3837709), (0.23599422, 0.3811894), (0.22785977, 0.38039947), (0.2090447, 0.38268137), (0.19339499, 0.38630655), (0.21460709, 0.3837709), (0.2090447, 0.38268137), (0.19022956, 0.3849634), (0.17250127, 0.38877898), (0.19339499, 0.38630655), (0.19022956, 0.3849634), (0.17141393, 0.3872452), (0.15206927, 0.39117146), (0.17250127, 0.38877898), (0.17141393, 0.3872452), (0.15259865, 0.38952708), (0.1322388, 0.39346692), (0.15206927, 0.39117146), (0.15259865, 0.38952708), (0.13378361, 0.39180908), (0.11314544, 0.3956508), (0.1322388, 0.39346692), (0.13378361, 0.39180908), (0.11496782, 0.39409134), (0.09491858, 0.39770752), (0.11314544, 0.3956508), (0.11496782, 0.39409134), (0.0961526, 0.39637336), (0.07768375, 0.39962327), (0.09491858, 0.39770752), (0.0961526, 0.39637336), (0.0773378, 0.39865485), (0.061558545, 0.40138477), (0.07768375, 0.39962327), (0.0773378, 0.39865485), (0.058522224, 0.40093723), (0.046652853, 0.4029802), (0.061558545, 0.40138477), (0.058522224, 0.40093723), (0.039707124, 0.40321925), (0.033069074, 0.40439862), (0.046652853, 0.4029802), (0.039707124, 0.40321925), (0.020892024, 0.40550125), (0.020899177, 0.40562966), (0.033069074, 0.40439862), (0.37840632, 0.36332577), (0.35983247, 0.36573243), (0.3595661, 0.36442447), (0.37838104, 0.3621428), (0.35983247, 0.36573243), (0.34044057, 0.36821604), (0.34075084, 0.3667065), (0.3595661, 0.36442447), (0.34044057, 0.36821604), (0.32036376, 0.3707598), (0.3219355, 0.36898893), (0.34075084, 0.3667065), (0.32036376, 0.3707598), (0.29973826, 0.37334722), (0.30312076, 0.3712711), (0.3219355, 0.36898893), (0.29973826, 0.37334722), (0.27870545, 0.37595952), (0.28430527, 0.37355295), (0.30312076, 0.3712711), (0.27870545, 0.37595952), (0.25740865, 0.37857944), (0.26549035, 0.375835), (0.28430527, 0.37355295), (0.25740865, 0.37857944), (0.23599422, 0.3811894), (0.24667531, 0.37811697), (0.26549035, 0.375835), (0.23599422, 0.3811894), (0.21460709, 0.3837709), (0.22785977, 0.38039947), (0.24667531, 0.37811697), (0.21460709, 0.3837709), (0.19339499, 0.38630655), (0.2090447, 0.38268137), (0.22785977, 0.38039947), (0.19339499, 0.38630655), (0.17250127, 0.38877898), (0.19022956, 0.3849634), (0.2090447, 0.38268137), (0.17250127, 0.38877898), (0.15206927, 0.39117146), (0.17141393, 0.3872452), (0.19022956, 0.3849634), (0.15206927, 0.39117146), (0.1322388, 0.39346692), (0.15259865, 0.38952708), (0.17141393, 0.3872452), (0.1322388, 0.39346692), (0.11314544, 0.3956508), (0.13378361, 0.39180908), (0.15259865, 0.38952708), (0.11314544, 0.3956508), (0.09491858, 0.39770752), (0.11496782, 0.39409134), (0.13378361, 0.39180908), (0.09491858, 0.39770752), (0.07768375, 0.39962327), (0.0961526, 0.39637336), (0.11496782, 0.39409134), (0.07768375, 0.39962327), (0.061558545, 0.40138477), (0.0773378, 0.39865485), (0.0961526, 0.39637336), (0.061558545, 0.40138477), (0.046652853, 0.4029802), (0.058522224, 0.40093723), (0.0773378, 0.39865485), (0.046652853, 0.4029802), (0.033069074, 0.40439862), (0.039707124, 0.40321925), (0.058522224, 0.40093723), (0.033069074, 0.40439862), (0.020899177, 0.40562966), (0.020892024, 0.40550125), (0.039707124, 0.40321925), (0.37847894, 0.36682814), (0.3599041, 0.36903018), (0.35983247, 0.36573243), (0.37840632, 0.36332577), (0.3599041, 0.36903018), (0.34051025, 0.3713069), (0.34044057, 0.36821604), (0.35983247, 0.36573243), (0.34051025, 0.3713069), (0.3204315, 0.3736415), (0.32036376, 0.3707598), (0.34044057, 0.36821604), (0.3204315, 0.3736415), (0.2998036, 0.37601858), (0.29973826, 0.37334722), (0.32036376, 0.3707598), (0.2998036, 0.37601858), (0.27876818, 0.37842298), (0.27870545, 0.37595952), (0.29973826, 0.37334722), (0.27876818, 0.37842298), (0.25746945, 0.38083705), (0.25740865, 0.37857944), (0.27870545, 0.37595952), (0.25746945, 0.38083705), (0.23605189, 0.3832441), (0.23599422, 0.3811894), (0.25740865, 0.37857944), (0.23605189, 0.3832441), (0.21466309, 0.38562846), (0.21460709, 0.3837709), (0.23599422, 0.3811894), (0.21466309, 0.38562846), (0.1934469, 0.38797393), (0.19339499, 0.38630655), (0.21460709, 0.3837709), (0.1934469, 0.38797393), (0.17255074, 0.3902641), (0.17250127, 0.38877898), (0.19339499, 0.38630655), (0.17255074, 0.3902641), (0.15211582, 0.3924828), (0.15206927, 0.39117146), (0.17250127, 0.38877898), (0.15211582, 0.3924828), (0.13228196, 0.3946158), (0.1322388, 0.39346692), (0.15206927, 0.39117146), (0.13228196, 0.3946158), (0.11318508, 0.396648), (0.11314544, 0.3956508), (0.1322388, 0.39346692), (0.11318508, 0.396648), (0.094955385, 0.3985659), (0.09491858, 0.39770752), (0.11314544, 0.3956508), (0.094955385, 0.3985659), (0.077717304, 0.4003562), (0.07768375, 0.39962327), (0.09491858, 0.39770752), (0.077717304, 0.4003562), (0.061589003, 0.4020068), (0.061558545, 0.40138477), (0.07768375, 0.39962327), (0.061589003, 0.4020068), (0.046679854, 0.40350616), (0.046652853, 0.4029802), (0.061558545, 0.40138477), (0.046679854, 0.40350616), (0.03309226, 0.4048441), (0.033069074, 0.40439862), (0.046652853, 0.4029802), (0.03309226, 0.4048441), (0.020919383, 0.40601137), (0.020899177, 0.40562966), (0.033069074, 0.40439862), (0.3785972, 0.37251577), (0.36001983, 0.37438607), (0.3599041, 0.36903018), (0.37847894, 0.36682814), (0.36001983, 0.37438607), (0.34062332, 0.376325), (0.34051025, 0.3713069), (0.3599041, 0.36903018), (0.34062332, 0.376325), (0.32054093, 0.37832022), (0.3204315, 0.3736415), (0.34051025, 0.3713069), (0.32054093, 0.37832022), (0.29990995, 0.38035733), (0.2998036, 0.37601858), (0.3204315, 0.3736415), (0.29990995, 0.38035733), (0.2788711, 0.382423), (0.27876818, 0.37842298), (0.2998036, 0.37601858), (0.2788711, 0.382423), (0.25756803, 0.38450187), (0.25746945, 0.38083705), (0.27876818, 0.37842298), (0.25756803, 0.38450187), (0.23614591, 0.3865808), (0.23605189, 0.3832441), (0.25746945, 0.38083705), (0.23614591, 0.3865808), (0.2147516, 0.38864526), (0.21466309, 0.38562846), (0.23605189, 0.3832441), (0.2147516, 0.38864526), (0.19353127, 0.39068186), (0.1934469, 0.38797393), (0.21466309, 0.38562846), (0.19353127, 0.39068186), (0.17262995, 0.3926754), (0.17255074, 0.3902641), (0.1934469, 0.38797393), (0.17262995, 0.3926754), (0.15218988, 0.3946131), (0.15211582, 0.3924828), (0.17255074, 0.3902641), (0.15218988, 0.3946131), (0.13235071, 0.39648166), (0.13228196, 0.3946158), (0.15211582, 0.3924828), (0.13235071, 0.39648166), (0.113248706, 0.39826778), (0.11318508, 0.396648), (0.13228196, 0.3946158), (0.113248706, 0.39826778), (0.09501383, 0.3999599), (0.094955385, 0.3985659), (0.11318508, 0.396648), (0.09501383, 0.3999599), (0.07777017, 0.4015468), (0.077717304, 0.4003562), (0.094955385, 0.3985659), (0.07777017, 0.4015468), (0.061636984, 0.40301666), (0.061589003, 0.4020068), (0.077717304, 0.4003562), (0.061636984, 0.40301666), (0.046722293, 0.4043597), (0.046679854, 0.40350616), (0.061589003, 0.4020068), (0.046722293, 0.4043597), (0.033130467, 0.40556696), (0.03309226, 0.4048441), (0.046679854, 0.40350616), (0.033130467, 0.40556696), (0.020952582, 0.40663025), (0.020919383, 0.40601137), (0.03309226, 0.4048441), (0.37875712, 0.38017008), (0.36017594, 0.38159412), (0.36001983, 0.37438607), (0.3785972, 0.37251577), (0.36017594, 0.38159412), (0.3407758, 0.38308042), (0.34062332, 0.376325), (0.36001983, 0.37438607), (0.3407758, 0.38308042), (0.32068947, 0.38461745), (0.32054093, 0.37832022), (0.34062332, 0.376325), (0.32068947, 0.38461745), (0.30005357, 0.38619658), (0.29990995, 0.38035733), (0.32054093, 0.37832022), (0.30005357, 0.38619658), (0.2790097, 0.38780552), (0.2788711, 0.382423), (0.29990995, 0.38035733), (0.2790097, 0.38780552), (0.2577008, 0.3894346), (0.25756803, 0.38450187), (0.2788711, 0.382423), (0.2577008, 0.3894346), (0.23627326, 0.39107117), (0.23614591, 0.3865808), (0.25756803, 0.38450187), (0.23627326, 0.39107117), (0.21487212, 0.39270574), (0.2147516, 0.38864526), (0.23614591, 0.3865808), (0.21487212, 0.39270574), (0.19364595, 0.3943261), (0.19353127, 0.39068186), (0.2147516, 0.38864526), (0.19364595, 0.3943261), (0.17273715, 0.39592096), (0.17262995, 0.3926754), (0.19353127, 0.39068186), (0.17273715, 0.39592096), (0.15229082, 0.3974797), (0.15218988, 0.3946131), (0.17262995, 0.3926754), (0.15229082, 0.3974797), (0.13244474, 0.39899218), (0.13235071, 0.39648166), (0.15218988, 0.3946131), (0.13244474, 0.39899218), (0.11333585, 0.40044826), (0.113248706, 0.39826778), (0.13235071, 0.39648166), (0.11333585, 0.40044826), (0.09509283, 0.4018364), (0.09501383, 0.3999599), (0.113248706, 0.39826778), (0.09509283, 0.4018364), (0.077842236, 0.4031488), (0.07777017, 0.4015468), (0.09501383, 0.3999599), (0.077842236, 0.4031488), (0.061701715, 0.40437546), (0.061636984, 0.40301666), (0.07777017, 0.4015468), (0.061701715, 0.40437546), (0.046781003, 0.40550888), (0.046722293, 0.4043597), (0.061636984, 0.40301666), (0.046781003, 0.40550888), (0.03318131, 0.40654054), (0.033130467, 0.40556696), (0.046722293, 0.4043597), (0.03318131, 0.40654054), (0.020997465, 0.4074633), (0.020952582, 0.40663025), (0.033130467, 0.40556696), (0.37895074, 0.38949698), (0.36036617, 0.39037696), (0.36017594, 0.38159412), (0.37875712, 0.38017008), (0.36036617, 0.39037696), (0.34096134, 0.39131048), (0.3407758, 0.38308042), (0.36017594, 0.38159412), (0.34096134, 0.39131048), (0.3208695, 0.3922906), (0.32068947, 0.38461745), (0.3407758, 0.38308042), (0.3208695, 0.3922906), (0.30022818, 0.3933116), (0.30005357, 0.38619658), (0.32068947, 0.38461745), (0.30022818, 0.3933116), (0.27917764, 0.3943648), (0.2790097, 0.38780552), (0.30005357, 0.38619658), (0.27917764, 0.3943648), (0.257862, 0.39544487), (0.2577008, 0.3894346), (0.2790097, 0.38780552), (0.257862, 0.39544487), (0.2364276, 0.39654288), (0.23627326, 0.39107117), (0.2577008, 0.3894346), (0.2364276, 0.39654288), (0.21501881, 0.39765304), (0.21487212, 0.39270574), (0.23627326, 0.39107117), (0.21501881, 0.39765304), (0.19378436, 0.3987664), (0.19364595, 0.3943261), (0.21487212, 0.39270574), (0.19378436, 0.3987664), (0.1728681, 0.39987573), (0.17273715, 0.39592096), (0.19364595, 0.3943261), (0.1728681, 0.39987573), (0.15241271, 0.40097332), (0.15229082, 0.3974797), (0.17273715, 0.39592096), (0.15241271, 0.40097332), (0.13255835, 0.4020518), (0.13244474, 0.39899218), (0.15229082, 0.3974797), (0.13255835, 0.4020518), (0.113440156, 0.4031039), (0.11333585, 0.40044826), (0.13244474, 0.39899218), (0.113440156, 0.4031039), (0.095188975, 0.40412265), (0.09509283, 0.4018364), (0.11333585, 0.40044826), (0.095188975, 0.40412265), (0.07793015, 0.4051006), (0.077842236, 0.4031488), (0.09509283, 0.4018364), (0.07793015, 0.4051006), (0.061780453, 0.40603125), (0.061701715, 0.40437546), (0.077842236, 0.4031488), (0.061780453, 0.40603125), (0.0468508, 0.40690893), (0.046781003, 0.40550888), (0.061701715, 0.40437546), (0.0468508, 0.40690893), (0.033243835, 0.4077264), (0.03318131, 0.40654054), (0.046781003, 0.40550888), (0.033243835, 0.4077264), (0.021051288, 0.4084785), (0.020997465, 0.4074633), (0.03318131, 0.40654054), (0.37917256, 0.40013832), (0.36058298, 0.40039772), (0.36036617, 0.39037696), (0.37895074, 0.38949698), (0.36058298, 0.40039772), (0.3411733, 0.40070075), (0.34096134, 0.39131048), (0.36036617, 0.39037696), (0.3411733, 0.40070075), (0.32107583, 0.40104464), (0.3208695, 0.3922906), (0.34096134, 0.39131048), (0.32107583, 0.40104464), (0.30042744, 0.40142822), (0.30022818, 0.3933116), (0.3208695, 0.3922906), (0.30042744, 0.40142822), (0.2793702, 0.4018484), (0.27917764, 0.3943648), (0.30022818, 0.3933116), (0.2793702, 0.4018484), (0.25804654, 0.4023017), (0.257862, 0.39544487), (0.27917764, 0.3943648), (0.25804654, 0.4023017), (0.2366035, 0.40278524), (0.2364276, 0.39654288), (0.257862, 0.39544487), (0.2366035, 0.40278524), (0.21518695, 0.40329716), (0.21501881, 0.39765304), (0.2364276, 0.39654288), (0.21518695, 0.40329716), (0.19394293, 0.40383187), (0.19378436, 0.3987664), (0.21501881, 0.39765304), (0.19394293, 0.40383187), (0.17301735, 0.4043871), (0.1728681, 0.39987573), (0.19378436, 0.3987664), (0.17301735, 0.4043871), (0.15255225, 0.40495846), (0.15241271, 0.40097332), (0.1728681, 0.39987573), (0.15255225, 0.40495846), (0.1326882, 0.4055425), (0.13255835, 0.4020518), (0.15241271, 0.40097332), (0.1326882, 0.4055425), (0.113560855, 0.40613467), (0.113440156, 0.4031039), (0.13255835, 0.4020518), (0.113560855, 0.40613467), (0.09529978, 0.4067307), (0.095188975, 0.40412265), (0.113440156, 0.4031039), (0.09529978, 0.4067307), (0.07803029, 0.4073276), (0.07793015, 0.4051006), (0.095188975, 0.40412265), (0.07803029, 0.4073276), (0.061870873, 0.40792048), (0.061780453, 0.40603125), (0.07793015, 0.4051006), (0.061870873, 0.40792048), (0.046931684, 0.4085058), (0.0468508, 0.40690893), (0.061780453, 0.40603125), (0.046931684, 0.4085058), (0.033314526, 0.40907875), (0.033243835, 0.4077264), (0.0468508, 0.40690893), (0.033314526, 0.40907875), (0.021112442, 0.4096368), (0.021051288, 0.4084785), (0.033243835, 0.4077264), (0.3794135, 0.41168484), (0.36081845, 0.41127), (0.36058298, 0.40039772), (0.37917256, 0.40013832), (0.36081845, 0.41127), (0.34140313, 0.41088966), (0.3411733, 0.40070075), (0.36058298, 0.40039772), (0.34140313, 0.41088966), (0.32129896, 0.41054368), (0.32107583, 0.40104464), (0.3411733, 0.40070075), (0.32129896, 0.41054368), (0.30064365, 0.41023594), (0.30042744, 0.40142822), (0.32107583, 0.40104464), (0.30064365, 0.41023594), (0.27957824, 0.40996802), (0.2793702, 0.4018484), (0.30042744, 0.40142822), (0.27957824, 0.40996802), (0.25824648, 0.40974206), (0.25804654, 0.4023017), (0.2793702, 0.4018484), (0.25824648, 0.40974206), (0.23679435, 0.4095595), (0.2366035, 0.40278524), (0.25804654, 0.4023017), (0.23679435, 0.4095595), (0.21536872, 0.40942124), (0.21518695, 0.40329716), (0.2366035, 0.40278524), (0.21536872, 0.40942124), (0.1941151, 0.40932918), (0.19394293, 0.40383187), (0.21518695, 0.40329716), (0.1941151, 0.40932918), (0.17317897, 0.4092828), (0.17301735, 0.4043871), (0.19394293, 0.40383187), (0.17317897, 0.4092828), (0.1527037, 0.4092825), (0.15255225, 0.40495846), (0.17301735, 0.4043871), (0.1527037, 0.4092825), (0.13282931, 0.40932965), (0.1326882, 0.4055425), (0.15255225, 0.40495846), (0.13282931, 0.40932965), (0.11369038, 0.4094226), (0.113560855, 0.40613467), (0.1326882, 0.4055425), (0.11369038, 0.4094226), (0.09541851, 0.40956107), (0.09529978, 0.4067307), (0.113560855, 0.40613467), (0.09541851, 0.40956107), (0.07813877, 0.4097441), (0.07803029, 0.4073276), (0.09529978, 0.4067307), (0.07813877, 0.4097441), (0.061968684, 0.40997046), (0.061870873, 0.40792048), (0.07803029, 0.4073276), (0.061968684, 0.40997046), (0.047018945, 0.41023877), (0.046931684, 0.4085058), (0.061870873, 0.40792048), (0.047018945, 0.41023877), (0.033391, 0.41054717), (0.033314526, 0.40907875), (0.046931684, 0.4085058), (0.033391, 0.41054717), (0.021179974, 0.4108929), (0.021112442, 0.4096368), (0.033314526, 0.40907875), (0.37966293, 0.4236924), (0.36106324, 0.42257822), (0.36081845, 0.41127), (0.3794135, 0.41168484), (0.36106324, 0.42257822), (0.34164166, 0.42148495), (0.34140313, 0.41088966), (0.36081845, 0.41127), (0.34164166, 0.42148495), (0.3215315, 0.4204225), (0.32129896, 0.41054368), (0.34140313, 0.41088966), (0.3215315, 0.4204225), (0.30086845, 0.41939527), (0.30064365, 0.41023594), (0.32129896, 0.41054368), (0.30086845, 0.41939527), (0.2797946, 0.41841236), (0.27957824, 0.40996802), (0.30064365, 0.41023594), (0.2797946, 0.41841236), (0.25845444, 0.4174798), (0.25824648, 0.40974206), (0.27957824, 0.40996802), (0.25845444, 0.4174798), (0.23699376, 0.41660386), (0.23679435, 0.4095595), (0.25824648, 0.40974206), (0.23699376, 0.41660386), (0.21555752, 0.41579086), (0.21536872, 0.40942124), (0.23679435, 0.4095595), (0.21555752, 0.41579086), (0.19429386, 0.41504556), (0.1941151, 0.40932918), (0.21536872, 0.40942124), (0.19429386, 0.41504556), (0.17334753, 0.41437328), (0.17317897, 0.4092828), (0.1941151, 0.40932918), (0.17334753, 0.41437328), (0.152861, 0.4137798), (0.1527037, 0.4092825), (0.17317897, 0.4092828), (0.152861, 0.4137798), (0.13297504, 0.41326848), (0.13282931, 0.40932965), (0.1527037, 0.4092825), (0.13297504, 0.41326848), (0.11382544, 0.41284195), (0.11369038, 0.4094226), (0.13282931, 0.40932965), (0.11382544, 0.41284195), (0.09554291, 0.41250396), (0.09541851, 0.40956107), (0.11369038, 0.4094226), (0.09554291, 0.41250396), (0.07825139, 0.4122575), (0.07813877, 0.4097441), (0.09541851, 0.40956107), (0.07825139, 0.4122575), (0.06207055, 0.4121022), (0.061968684, 0.40997046), (0.07813877, 0.4097441), (0.06207055, 0.4121022), (0.047109663, 0.4120412), (0.047018945, 0.41023877), (0.061968684, 0.40997046), (0.047109663, 0.4120412), (0.033471584, 0.41207355), (0.033391, 0.41054717), (0.047018945, 0.41023877), (0.033471584, 0.41207355), (0.021249354, 0.41219988), (0.021179974, 0.4108929), (0.033391, 0.41054717), (0.37991297, 0.4357002), (0.36130857, 0.43388507), (0.36106324, 0.42257822), (0.37966293, 0.4236924), (0.36130857, 0.43388507), (0.34188128, 0.43208146), (0.34164166, 0.42148495), (0.36106324, 0.42257822), (0.34188128, 0.43208146), (0.32176366, 0.43030044), (0.3215315, 0.4204225), (0.34164166, 0.42148495), (0.32176366, 0.43030044), (0.30109328, 0.42855468), (0.30086845, 0.41939527), (0.3215315, 0.4204225), (0.30109328, 0.42855468), (0.28001162, 0.42685628), (0.2797946, 0.41841236), (0.30086845, 0.41939527), (0.28001162, 0.42685628), (0.25866312, 0.42521724), (0.25845444, 0.4174798), (0.2797946, 0.41841236), (0.25866312, 0.42521724), (0.2371926, 0.42364794), (0.23699376, 0.41660386), (0.25845444, 0.4174798), (0.2371926, 0.42364794), (0.21574679, 0.42215955), (0.21555752, 0.41579086), (0.23699376, 0.41660386), (0.21574679, 0.42215955), (0.1944733, 0.42076227), (0.19429386, 0.41504556), (0.21555752, 0.41579086), (0.1944733, 0.42076227), (0.17351636, 0.41946492), (0.17334753, 0.41437328), (0.19429386, 0.41504556), (0.17351636, 0.41946492), (0.1530191, 0.41827756), (0.152861, 0.4137798), (0.17334753, 0.41437328), (0.1530191, 0.41827756), (0.13312218, 0.41720724), (0.13297504, 0.41326848), (0.152861, 0.4137798), (0.13312218, 0.41720724), (0.11396104, 0.41626167), (0.11382544, 0.41284195), (0.13297504, 0.41326848), (0.11396104, 0.41626167), (0.095666885, 0.4154475), (0.09554291, 0.41250396), (0.11382544, 0.41284195), (0.095666885, 0.4154475), (0.07836458, 0.41476986), (0.07825139, 0.4122575), (0.09554291, 0.41250396), (0.07836458, 0.41476986), (0.062172294, 0.4142345), (0.06207055, 0.4121022), (0.07825139, 0.4122575), (0.062172294, 0.4142345), (0.04720038, 0.413843), (0.047109663, 0.4120412), (0.06207055, 0.4121022), (0.04720038, 0.413843), (0.033551753, 0.41360036), (0.033471584, 0.41207355), (0.047109663, 0.4120412), (0.033551753, 0.41360036), (0.021319091, 0.41350648), (0.021249354, 0.41219988), (0.033471584, 0.41207355), (0.38015294, 0.44724622), (0.36154366, 0.44475788), (0.36130857, 0.43388507), (0.37991297, 0.4357002), (0.36154366, 0.44475788), (0.3421106, 0.44227), (0.34188128, 0.43208146), (0.36130857, 0.43388507), (0.3421106, 0.44227), (0.32198638, 0.43979916), (0.32176366, 0.43030044), (0.34188128, 0.43208146), (0.32198638, 0.43979916), (0.30130944, 0.4373623), (0.30109328, 0.42855468), (0.32176366, 0.43030044), (0.30130944, 0.4373623), (0.28022045, 0.43497634), (0.28001162, 0.42685628), (0.30109328, 0.42855468), (0.28022045, 0.43497634), (0.25886297, 0.4326575), (0.25866312, 0.42521724), (0.28001162, 0.42685628), (0.25886297, 0.4326575), (0.23738313, 0.43042135), (0.2371926, 0.42364794), (0.25866312, 0.42521724), (0.23738313, 0.43042135), (0.21592802, 0.428284), (0.21574679, 0.42215955), (0.2371926, 0.42364794), (0.21592802, 0.428284), (0.1946449, 0.4262586), (0.1944733, 0.42076227), (0.21574679, 0.42215955), (0.1946449, 0.4262586), (0.17367801, 0.4243608), (0.17351636, 0.41946492), (0.1944733, 0.42076227), (0.17367801, 0.4243608), (0.15316999, 0.42260128), (0.1530191, 0.41827756), (0.17351636, 0.41946492), (0.15316999, 0.42260128), (0.13326237, 0.42099455), (0.13312218, 0.41720724), (0.1530191, 0.41827756), (0.13326237, 0.42099455), (0.11409047, 0.41955012), (0.11396104, 0.41626167), (0.13312218, 0.41720724), (0.11409047, 0.41955012), (0.09578556, 0.41827708), (0.095666885, 0.4154475), (0.11396104, 0.41626167), (0.09578556, 0.41827708), (0.07847312, 0.41718644), (0.07836458, 0.41476986), (0.095666885, 0.4154475), (0.07847312, 0.41718644), (0.062269866, 0.41628438), (0.062172294, 0.4142345), (0.07836458, 0.41476986), (0.062269866, 0.41628438), (0.047287405, 0.41557646), (0.04720038, 0.413843), (0.062172294, 0.4142345), (0.047287405, 0.41557646), (0.033628464, 0.41506824), (0.033551753, 0.41360036), (0.04720038, 0.413843), (0.033628464, 0.41506824), (0.021386147, 0.41476297), (0.021319091, 0.41350648), (0.033551753, 0.41360036), (0.38037497, 0.45788705), (0.36176136, 0.45477816), (0.36154366, 0.44475788), (0.38015294, 0.44724622), (0.36176136, 0.45477816), (0.34232253, 0.45166036), (0.3421106, 0.44227), (0.36154366, 0.44475788), (0.34232253, 0.45166036), (0.3221928, 0.44855344), (0.32198638, 0.43979916), (0.3421106, 0.44227), (0.3221928, 0.44855344), (0.3015092, 0.4454793), (0.30130944, 0.4373623), (0.32198638, 0.43979916), (0.3015092, 0.4454793), (0.28041252, 0.44245964), (0.28022045, 0.43497634), (0.30130944, 0.4373623), (0.28041252, 0.44245964), (0.2590475, 0.4395144), (0.25886297, 0.4326575), (0.28022045, 0.43497634), (0.2590475, 0.4395144), (0.23755953, 0.436664), (0.23738313, 0.43042135), (0.25886297, 0.4326575), (0.23755953, 0.436664), (0.21609595, 0.43392807), (0.21592802, 0.428284), (0.23738313, 0.43042135), (0.21609595, 0.43392807), (0.19480348, 0.43132484), (0.1946449, 0.4262586), (0.21592802, 0.428284), (0.19480348, 0.43132484), (0.17382741, 0.4288719), (0.17367801, 0.4243608), (0.1946449, 0.4262586), (0.17382741, 0.4288719), (0.15331009, 0.42658684), (0.15316999, 0.42260128), (0.17367801, 0.4243608), (0.15331009, 0.42658684), (0.1333926, 0.42448482), (0.13326237, 0.42099455), (0.15316999, 0.42260128), (0.1333926, 0.42448482), (0.1142112, 0.42258024), (0.11409047, 0.41955012), (0.13326237, 0.42099455), (0.1142112, 0.42258024), (0.09589586, 0.4208855), (0.09578556, 0.41827708), (0.11409047, 0.41955012), (0.09589586, 0.4208855), (0.07857323, 0.41941342), (0.07847312, 0.41718644), (0.09578556, 0.41827708), (0.07857323, 0.41941342), (0.062360168, 0.4181735), (0.062269866, 0.41628438), (0.07847312, 0.41718644), (0.062360168, 0.4181735), (0.047368586, 0.4171735), (0.047287405, 0.41557646), (0.062269866, 0.41628438), (0.047368586, 0.4171735), (0.03369975, 0.41642094), (0.033628464, 0.41506824), (0.047287405, 0.41557646), (0.03369975, 0.41642094), (0.021447718, 0.41592145), (0.021386147, 0.41476297), (0.033628464, 0.41506824), (0.38056913, 0.46721423), (0.36195123, 0.4635616), (0.36176136, 0.45477816), (0.38037497, 0.45788705), (0.36195123, 0.4635616), (0.34250772, 0.45989028), (0.34232253, 0.45166036), (0.36176136, 0.45477816), (0.34250772, 0.45989028), (0.32237315, 0.45622602), (0.3221928, 0.44855344), (0.34232253, 0.45166036), (0.32237315, 0.45622602), (0.3016834, 0.45259395), (0.3015092, 0.4454793), (0.3221928, 0.44855344), (0.3016834, 0.45259395), (0.2805806, 0.44901896), (0.28041252, 0.44245964), (0.3015092, 0.4454793), (0.2805806, 0.44901896), (0.25920874, 0.44552463), (0.2590475, 0.4395144), (0.28041252, 0.44245964), (0.25920874, 0.44552463), (0.23771414, 0.4421359), (0.23755953, 0.436664), (0.2590475, 0.4395144), (0.23771414, 0.4421359), (0.21624264, 0.43887526), (0.21609595, 0.43392807), (0.23755953, 0.436664), (0.21624264, 0.43887526), (0.19494218, 0.4357652), (0.19480348, 0.43132484), (0.21609595, 0.43392807), (0.19494218, 0.4357652), (0.17395774, 0.43282646), (0.17382741, 0.4288719), (0.19480348, 0.43132484), (0.17395774, 0.43282646), (0.15343267, 0.43008006), (0.15331009, 0.42658684), (0.17382741, 0.4288719), (0.15343267, 0.43008006), (0.13350621, 0.42754388), (0.1333926, 0.42448482), (0.15331009, 0.42658684), (0.13350621, 0.42754388), (0.11431581, 0.42523605), (0.1142112, 0.42258024), (0.1333926, 0.42448482), (0.11431581, 0.42523605), (0.095992655, 0.42317212), (0.09589586, 0.4208855), (0.1142112, 0.42258024), (0.095992655, 0.42317212), (0.078660876, 0.42136577), (0.07857323, 0.41941342), (0.09589586, 0.4208855), (0.078660876, 0.42136577), (0.062439263, 0.4198295), (0.062360168, 0.4181735), (0.07857323, 0.41941342), (0.062439263, 0.4198295), (0.047438323, 0.4185736), (0.047368586, 0.4171735), (0.062360168, 0.4181735), (0.047438323, 0.4185736), (0.033761382, 0.41760707), (0.03369975, 0.41642094), (0.047368586, 0.4171735), (0.033761382, 0.41760707), (0.02150166, 0.41693607), (0.021447718, 0.41592145), (0.03369975, 0.41642094), (0.3807286, 0.47486898), (0.36210722, 0.47076967), (0.36195123, 0.4635616), (0.38056913, 0.46721423), (0.36210722, 0.47076967), (0.3426604, 0.46664506), (0.34250772, 0.45989028), (0.36195123, 0.4635616), (0.3426604, 0.46664506), (0.32252163, 0.46252322), (0.32237315, 0.45622602), (0.34250772, 0.45989028), (0.32252163, 0.46252322), (0.30182678, 0.45843315), (0.3016834, 0.45259395), (0.32237315, 0.45622602), (0.30182678, 0.45843315), (0.2807191, 0.45440146), (0.2805806, 0.44901896), (0.3016834, 0.45259395), (0.2807191, 0.45440146), (0.2593417, 0.4504574), (0.25920874, 0.44552463), (0.2805806, 0.44901896), (0.2593417, 0.4504574), (0.23784071, 0.4466258), (0.23771414, 0.4421359), (0.25920874, 0.44552463), (0.23784071, 0.4466258), (0.21636364, 0.4429353), (0.21624264, 0.43887526), (0.23771414, 0.4421359), (0.21636364, 0.4429353), (0.19505629, 0.4394092), (0.19494218, 0.4357652), (0.21624264, 0.43887526), (0.19505629, 0.4394092), (0.17406434, 0.4360718), (0.17395774, 0.43282646), (0.19494218, 0.4357652), (0.17406434, 0.4360718), (0.15353212, 0.4329466), (0.15343267, 0.43008006), (0.17395774, 0.43282646), (0.15353212, 0.4329466), (0.13359997, 0.43005484), (0.13350621, 0.42754388), (0.15343267, 0.43008006), (0.13359997, 0.43005484), (0.114402235, 0.42741632), (0.11431581, 0.42523605), (0.13350621, 0.42754388), (0.114402235, 0.42741632), (0.0960713, 0.42504784), (0.095992655, 0.42317212), (0.11431581, 0.42523605), (0.0960713, 0.42504784), (0.07873213, 0.4229672), (0.078660876, 0.42136577), (0.095992655, 0.42317212), (0.07873213, 0.4229672), (0.062503636, 0.42118818), (0.062439263, 0.4198295), (0.078660876, 0.42136577), (0.062503636, 0.42118818), (0.047496617, 0.41972256), (0.047438323, 0.4185736), (0.062439263, 0.4198295), (0.047496617, 0.41972256), (0.03381276, 0.41858023), (0.033761382, 0.41760707), (0.047438323, 0.4185736), (0.03381276, 0.41858023), (0.021546006, 0.4177689), (0.02150166, 0.41693607), (0.033761382, 0.41760707), (0.38084716, 0.48055667), (0.3622238, 0.4761253), (0.36210722, 0.47076967), (0.3807286, 0.47486898), (0.3622238, 0.4761253), (0.34277374, 0.47166398), (0.3426604, 0.46664506), (0.36210722, 0.47076967), (0.34277374, 0.47166398), (0.32263088, 0.46720243), (0.32252163, 0.46252322), (0.3426604, 0.46664506), (0.32263088, 0.46720243), (0.30193362, 0.46277153), (0.30182678, 0.45843315), (0.32252163, 0.46252322), (0.30193362, 0.46277153), (0.2808221, 0.45840156), (0.2807191, 0.45440146), (0.30182678, 0.45843315), (0.2808221, 0.45840156), (0.25944006, 0.45412222), (0.2593417, 0.4504574), (0.2807191, 0.45440146), (0.25944006, 0.45412222), (0.23793495, 0.44996336), (0.23784071, 0.4466258), (0.2593417, 0.4504574), (0.23793495, 0.44996336), (0.21645325, 0.44595194), (0.21636364, 0.4429353), (0.23784071, 0.4466258), (0.21645325, 0.44595194), (0.19514114, 0.4421174), (0.19505629, 0.4394092), (0.21636364, 0.4429353), (0.19514114, 0.4421174), (0.17414421, 0.43848333), (0.17406434, 0.4360718), (0.19505629, 0.4394092), (0.17414421, 0.43848333), (0.15360719, 0.43507674), (0.15353212, 0.4329466), (0.17406434, 0.4360718), (0.15360719, 0.43507674), (0.1336686, 0.43192047), (0.13359997, 0.43005484), (0.15353212, 0.4329466), (0.1336686, 0.43192047), (0.11446637, 0.4290361), (0.114402235, 0.42741632), (0.13359997, 0.43005484), (0.11446637, 0.4290361), (0.096129894, 0.42644253), (0.0960713, 0.42504784), (0.114402235, 0.42741632), (0.096129894, 0.42644253), (0.078786105, 0.4241578), (0.07873213, 0.4229672), (0.0960713, 0.42504784), (0.078786105, 0.4241578), (0.06255221, 0.42219824), (0.062503636, 0.42118818), (0.07873213, 0.4229672), (0.06255221, 0.42219824), (0.047539473, 0.42057648), (0.047496617, 0.41972256), (0.062503636, 0.42118818), (0.047539473, 0.42057648), (0.03385067, 0.41930342), (0.03381276, 0.41858023), (0.047496617, 0.41972256), (0.03385067, 0.41930342), (0.021578848, 0.4183884), (0.021546006, 0.4177689), (0.03381276, 0.41858023), (0.3809203, 0.48405933), (0.3622945, 0.47942397), (0.3622238, 0.4761253), (0.38084716, 0.48055667), (0.3622945, 0.47942397), (0.34284323, 0.4747547), (0.34277374, 0.47166398), (0.3622238, 0.4761253), (0.34284323, 0.4747547), (0.32269907, 0.47008383), (0.32263088, 0.46720243), (0.34277374, 0.47166398), (0.32269907, 0.47008383), (0.30199948, 0.46544302), (0.30193362, 0.46277153), (0.32263088, 0.46720243), (0.30199948, 0.46544302), (0.2808849, 0.4608648), (0.2808221, 0.45840156), (0.30193362, 0.46277153), (0.2808849, 0.4608648), (0.25950083, 0.4563791), (0.25944006, 0.45412222), (0.2808221, 0.45840156), (0.25950083, 0.4563791), (0.23799285, 0.45201814), (0.23793495, 0.44996336), (0.25944006, 0.45412222), (0.23799285, 0.45201814), (0.21650863, 0.44781002), (0.21645325, 0.44595194), (0.23793495, 0.44996336), (0.21650863, 0.44781002), (0.19519332, 0.44378424), (0.19514114, 0.4421174), (0.21645325, 0.44595194), (0.19519332, 0.44378424), (0.1741938, 0.43996865), (0.17414421, 0.43848333), (0.19514114, 0.4421174), (0.1741938, 0.43996865), (0.15365326, 0.43638912), (0.15360719, 0.43507674), (0.17414421, 0.43848333), (0.15365326, 0.43638912), (0.13371193, 0.4330696), (0.1336686, 0.43192047), (0.15360719, 0.43507674), (0.13371193, 0.4330696), (0.11450586, 0.43003336), (0.11446637, 0.4290361), (0.1336686, 0.43192047), (0.11450586, 0.43003336), (0.0961667, 0.42730075), (0.096129894, 0.42644253), (0.11446637, 0.4290361), (0.0961667, 0.42730075), (0.07881859, 0.4248909), (0.078786105, 0.4241578), (0.096129894, 0.42644253), (0.07881859, 0.4248909), (0.06258178, 0.42281932), (0.06255221, 0.42219824), (0.078786105, 0.4241578), (0.06258178, 0.42281932), (0.047566235, 0.4211014), (0.047539473, 0.42057648), (0.06255221, 0.42219824), (0.047566235, 0.4211014), (0.033874035, 0.41974843), (0.03385067, 0.41930342), (0.047539473, 0.42057648), (0.033874035, 0.41974843), (0.021599472, 0.41876945), (0.021578848, 0.4183884), (0.03385067, 0.41930342), (0.3809443, 0.48524204), (0.36231834, 0.48053744), (0.3622945, 0.47942397), (0.3809203, 0.48405933), (0.36231834, 0.48053744), (0.34286666, 0.4757983), (0.34284323, 0.4747547), (0.3622945, 0.47942397), (0.34286666, 0.4757983), (0.322722, 0.4710566), (0.32269907, 0.47008383), (0.34284323, 0.4747547), (0.322722, 0.4710566), (0.3020208, 0.4663453), (0.30199948, 0.46544302), (0.32269907, 0.47008383), (0.3020208, 0.4663453), (0.28090602, 0.46169662), (0.2808849, 0.4608648), (0.30199948, 0.46544302), (0.28090602, 0.46169662), (0.25952107, 0.4571413), (0.25950083, 0.4563791), (0.2808849, 0.4608648), (0.25952107, 0.4571413), (0.23801267, 0.4527116), (0.23799285, 0.45201814), (0.25950083, 0.4563791), (0.23801267, 0.4527116), (0.21652684, 0.44843692), (0.21650863, 0.44781002), (0.23799285, 0.45201814), (0.21652684, 0.44843692), (0.19521078, 0.4443476), (0.19519332, 0.44378424), (0.21650863, 0.44781002), (0.19521078, 0.4443476), (0.17420986, 0.44047007), (0.1741938, 0.43996865), (0.19519332, 0.44378424), (0.17420986, 0.44047007), (0.15366828, 0.43683216), (0.15365326, 0.43638912), (0.1741938, 0.43996865), (0.15366828, 0.43683216), (0.13372558, 0.43345731), (0.13371193, 0.4330696), (0.15365326, 0.43638912), (0.13372558, 0.43345731), (0.11451888, 0.4303701), (0.11450586, 0.43003336), (0.13371193, 0.4330696), (0.11451888, 0.4303701), (0.09617841, 0.42759088), (0.0961667, 0.42730075), (0.11450586, 0.43003336), (0.09617841, 0.42759088), (0.07882959, 0.42513847), (0.07881859, 0.4248909), (0.0961667, 0.42730075), (0.07882959, 0.42513847), (0.06259179, 0.42302942), (0.06258178, 0.42281932), (0.07881859, 0.4248909), (0.06259179, 0.42302942), (0.04757446, 0.42127922), (0.047566235, 0.4211014), (0.06258178, 0.42281932), (0.04757446, 0.42127922), (0.033881724, 0.41989893), (0.033874035, 0.41974843), (0.047566235, 0.4211014), (0.033881724, 0.41989893), (0.021606386, 0.4188979), (0.021599472, 0.41876945), (0.033874035, 0.41974843), (0.3809203, 0.48405933), (0.3622945, 0.47942397), (0.36231834, 0.48053744), (0.3809443, 0.48524204), (0.3622945, 0.47942397), (0.34284323, 0.4747547), (0.34286666, 0.4757983), (0.36231834, 0.48053744), (0.34284323, 0.4747547), (0.32269907, 0.47008383), (0.322722, 0.4710566), (0.34286666, 0.4757983), (0.32269907, 0.47008383), (0.30199948, 0.46544302), (0.3020208, 0.4663453), (0.322722, 0.4710566), (0.30199948, 0.46544302), (0.2808849, 0.4608648), (0.28090602, 0.46169662), (0.3020208, 0.4663453), (0.2808849, 0.4608648), (0.25950083, 0.4563791), (0.25952107, 0.4571413), (0.28090602, 0.46169662), (0.25950083, 0.4563791), (0.23799285, 0.45201814), (0.23801267, 0.4527116), (0.25952107, 0.4571413), (0.23799285, 0.45201814), (0.21650863, 0.44781002), (0.21652684, 0.44843692), (0.23801267, 0.4527116), (0.21650863, 0.44781002), (0.19519332, 0.44378424), (0.19521078, 0.4443476), (0.21652684, 0.44843692), (0.19519332, 0.44378424), (0.1741938, 0.43996865), (0.17420986, 0.44047007), (0.19521078, 0.4443476), (0.1741938, 0.43996865), (0.15365326, 0.43638912), (0.15366828, 0.43683216), (0.17420986, 0.44047007), (0.15365326, 0.43638912), (0.13371193, 0.4330696), (0.13372558, 0.43345731), (0.15366828, 0.43683216), (0.13371193, 0.4330696), (0.11450586, 0.43003336), (0.11451888, 0.4303701), (0.13372558, 0.43345731), (0.11450586, 0.43003336), (0.0961667, 0.42730075), (0.09617841, 0.42759088), (0.11451888, 0.4303701), (0.0961667, 0.42730075), (0.07881859, 0.4248909), (0.07882959, 0.42513847), (0.09617841, 0.42759088), (0.07881859, 0.4248909), (0.06258178, 0.42281932), (0.06259179, 0.42302942), (0.07882959, 0.42513847), (0.06258178, 0.42281932), (0.047566235, 0.4211014), (0.04757446, 0.42127922), (0.06259179, 0.42302942), (0.047566235, 0.4211014), (0.033874035, 0.41974843), (0.033881724, 0.41989893), (0.04757446, 0.42127922), (0.033874035, 0.41974843), (0.021599472, 0.41876945), (0.021606386, 0.4188979), (0.033881724, 0.41989893), (0.38084716, 0.48055667), (0.3622238, 0.4761253), (0.3622945, 0.47942397), (0.3809203, 0.48405933), (0.3622238, 0.4761253), (0.34277374, 0.47166398), (0.34284323, 0.4747547), (0.3622945, 0.47942397), (0.34277374, 0.47166398), (0.32263088, 0.46720243), (0.32269907, 0.47008383), (0.34284323, 0.4747547), (0.32263088, 0.46720243), (0.30193362, 0.46277153), (0.30199948, 0.46544302), (0.32269907, 0.47008383), (0.30193362, 0.46277153), (0.2808221, 0.45840156), (0.2808849, 0.4608648), (0.30199948, 0.46544302), (0.2808221, 0.45840156), (0.25944006, 0.45412222), (0.25950083, 0.4563791), (0.2808849, 0.4608648), (0.25944006, 0.45412222), (0.23793495, 0.44996336), (0.23799285, 0.45201814), (0.25950083, 0.4563791), (0.23793495, 0.44996336), (0.21645325, 0.44595194), (0.21650863, 0.44781002), (0.23799285, 0.45201814), (0.21645325, 0.44595194), (0.19514114, 0.4421174), (0.19519332, 0.44378424), (0.21650863, 0.44781002), (0.19514114, 0.4421174), (0.17414421, 0.43848333), (0.1741938, 0.43996865), (0.19519332, 0.44378424), (0.17414421, 0.43848333), (0.15360719, 0.43507674), (0.15365326, 0.43638912), (0.1741938, 0.43996865), (0.15360719, 0.43507674), (0.13366887, 0.43192062), (0.13371193, 0.4330696), (0.15365326, 0.43638912), (0.13366887, 0.43192062), (0.11446637, 0.4290361), (0.11450586, 0.43003336), (0.13371193, 0.4330696), (0.11446637, 0.4290361), (0.096129894, 0.42644253), (0.0961667, 0.42730075), (0.11450586, 0.43003336), (0.096129894, 0.42644253), (0.078786105, 0.4241578), (0.07881859, 0.4248909), (0.0961667, 0.42730075), (0.078786105, 0.4241578), (0.06255221, 0.42219824), (0.06258178, 0.42281932), (0.07881859, 0.4248909), (0.06255221, 0.42219824), (0.047539473, 0.42057648), (0.047566235, 0.4211014), (0.06258178, 0.42281932), (0.047539473, 0.42057648), (0.03385067, 0.41930342), (0.033874035, 0.41974843), (0.047566235, 0.4211014), (0.03385067, 0.41930342), (0.021578848, 0.4183884), (0.021599472, 0.41876945), (0.033874035, 0.41974843), (0.3807286, 0.47486898), (0.36210722, 0.47076967), (0.3622238, 0.4761253), (0.38084716, 0.48055667), (0.36210722, 0.47076967), (0.3426604, 0.46664506), (0.34277374, 0.47166398), (0.3622238, 0.4761253), (0.3426604, 0.46664506), (0.32252163, 0.46252322), (0.32263088, 0.46720243), (0.34277374, 0.47166398), (0.32252163, 0.46252322), (0.30182678, 0.45843315), (0.30193362, 0.46277153), (0.32263088, 0.46720243), (0.30182678, 0.45843315), (0.2807191, 0.45440146), (0.2808221, 0.45840156), (0.30193362, 0.46277153), (0.2807191, 0.45440146), (0.2593417, 0.4504574), (0.25944006, 0.45412222), (0.2808221, 0.45840156), (0.2593417, 0.4504574), (0.23784071, 0.4466258), (0.23793495, 0.44996336), (0.25944006, 0.45412222), (0.23784071, 0.4466258), (0.21636364, 0.4429353), (0.21645325, 0.44595194), (0.23793495, 0.44996336), (0.21636364, 0.4429353), (0.19505629, 0.4394092), (0.19514114, 0.4421174), (0.21645325, 0.44595194), (0.19505629, 0.4394092), (0.17406434, 0.4360718), (0.17414421, 0.43848333), (0.19514114, 0.4421174), (0.17406434, 0.4360718), (0.15353212, 0.4329466), (0.15360719, 0.43507674), (0.17414421, 0.43848333), (0.15353212, 0.4329466), (0.13359997, 0.43005484), (0.13366887, 0.43192062), (0.15360719, 0.43507674), (0.13359997, 0.43005484), (0.114402235, 0.42741632), (0.11446637, 0.4290361), (0.13366887, 0.43192062), (0.114402235, 0.42741632), (0.0960713, 0.42504784), (0.096129894, 0.42644253), (0.11446637, 0.4290361), (0.0960713, 0.42504784), (0.07873213, 0.4229672), (0.078786105, 0.4241578), (0.096129894, 0.42644253), (0.07873213, 0.4229672), (0.062503636, 0.42118818), (0.06255221, 0.42219824), (0.078786105, 0.4241578), (0.062503636, 0.42118818), (0.047496617, 0.41972256), (0.047539473, 0.42057648), (0.06255221, 0.42219824), (0.047496617, 0.41972256), (0.03381276, 0.41858023), (0.03385067, 0.41930342), (0.047539473, 0.42057648), (0.03381276, 0.41858023), (0.021546006, 0.4177689), (0.021578848, 0.4183884), (0.03385067, 0.41930342), (0.38056913, 0.46721423), (0.36195123, 0.4635616), (0.36210722, 0.47076967), (0.3807286, 0.47486898), (0.36195123, 0.4635616), (0.34250772, 0.45989028), (0.3426604, 0.46664506), (0.36210722, 0.47076967), (0.34250772, 0.45989028), (0.32237315, 0.45622602), (0.32252163, 0.46252322), (0.3426604, 0.46664506), (0.32237315, 0.45622602), (0.3016834, 0.45259395), (0.30182678, 0.45843315), (0.32252163, 0.46252322), (0.3016834, 0.45259395), (0.2805806, 0.44901896), (0.2807191, 0.45440146), (0.30182678, 0.45843315), (0.2805806, 0.44901896), (0.25920874, 0.44552463), (0.2593417, 0.4504574), (0.2807191, 0.45440146), (0.25920874, 0.44552463), (0.23771414, 0.4421359), (0.23784071, 0.4466258), (0.2593417, 0.4504574), (0.23771414, 0.4421359), (0.21624264, 0.43887526), (0.21636364, 0.4429353), (0.23784071, 0.4466258), (0.21624264, 0.43887526), (0.19494218, 0.4357652), (0.19505629, 0.4394092), (0.21636364, 0.4429353), (0.19494218, 0.4357652), (0.17395774, 0.43282646), (0.17406434, 0.4360718), (0.19505629, 0.4394092), (0.17395774, 0.43282646), (0.15343267, 0.43008006), (0.15353212, 0.4329466), (0.17406434, 0.4360718), (0.15343267, 0.43008006), (0.13350621, 0.42754388), (0.13359997, 0.43005484), (0.15353212, 0.4329466), (0.13350621, 0.42754388), (0.11431581, 0.42523605), (0.114402235, 0.42741632), (0.13359997, 0.43005484), (0.11431581, 0.42523605), (0.095992655, 0.42317212), (0.0960713, 0.42504784), (0.114402235, 0.42741632), (0.095992655, 0.42317212), (0.078660876, 0.42136577), (0.07873213, 0.4229672), (0.0960713, 0.42504784), (0.078660876, 0.42136577), (0.062439263, 0.4198295), (0.062503636, 0.42118818), (0.07873213, 0.4229672), (0.062439263, 0.4198295), (0.047438323, 0.4185736), (0.047496617, 0.41972256), (0.062503636, 0.42118818), (0.047438323, 0.4185736), (0.033761382, 0.41760707), (0.03381276, 0.41858023), (0.047496617, 0.41972256), (0.033761382, 0.41760707), (0.02150166, 0.41693607), (0.021546006, 0.4177689), (0.03381276, 0.41858023), (0.38037497, 0.45788705), (0.36176136, 0.45477816), (0.36195123, 0.4635616), (0.38056913, 0.46721423), (0.36176136, 0.45477816), (0.34232253, 0.45166036), (0.34250772, 0.45989028), (0.36195123, 0.4635616), (0.34232253, 0.45166036), (0.3221928, 0.44855344), (0.32237315, 0.45622602), (0.34250772, 0.45989028), (0.3221928, 0.44855344), (0.3015092, 0.4454793), (0.3016834, 0.45259395), (0.32237315, 0.45622602), (0.3015092, 0.4454793), (0.28041252, 0.44245964), (0.2805806, 0.44901896), (0.3016834, 0.45259395), (0.28041252, 0.44245964), (0.2590475, 0.4395144), (0.25920874, 0.44552463), (0.2805806, 0.44901896), (0.2590475, 0.4395144), (0.23755953, 0.436664), (0.23771414, 0.4421359), (0.25920874, 0.44552463), (0.23755953, 0.436664), (0.21609595, 0.43392807), (0.21624264, 0.43887526), (0.23771414, 0.4421359), (0.21609595, 0.43392807), (0.19480348, 0.43132484), (0.19494218, 0.4357652), (0.21624264, 0.43887526), (0.19480348, 0.43132484), (0.17382741, 0.4288719), (0.17395774, 0.43282646), (0.19494218, 0.4357652), (0.17382741, 0.4288719), (0.15331009, 0.42658684), (0.15343267, 0.43008006), (0.17395774, 0.43282646), (0.15331009, 0.42658684), (0.1333926, 0.42448482), (0.13350621, 0.42754388), (0.15343267, 0.43008006), (0.1333926, 0.42448482), (0.1142112, 0.42258024), (0.11431581, 0.42523605), (0.13350621, 0.42754388), (0.1142112, 0.42258024), (0.09589586, 0.4208855), (0.095992655, 0.42317212), (0.11431581, 0.42523605), (0.09589586, 0.4208855), (0.07857323, 0.41941342), (0.078660876, 0.42136577), (0.095992655, 0.42317212), (0.07857323, 0.41941342), (0.062360168, 0.4181735), (0.062439263, 0.4198295), (0.078660876, 0.42136577), (0.062360168, 0.4181735), (0.047368586, 0.4171735), (0.047438323, 0.4185736), (0.062439263, 0.4198295), (0.047368586, 0.4171735), (0.03369975, 0.41642094), (0.033761382, 0.41760707), (0.047438323, 0.4185736), (0.03369975, 0.41642094), (0.021447718, 0.41592145), (0.02150166, 0.41693607), (0.033761382, 0.41760707), (0.38015294, 0.44724622), (0.36154366, 0.44475788), (0.36176136, 0.45477816), (0.38037497, 0.45788705), (0.36154366, 0.44475788), (0.3421106, 0.44227), (0.34232253, 0.45166036), (0.36176136, 0.45477816), (0.3421106, 0.44227), (0.32198638, 0.43979916), (0.3221928, 0.44855344), (0.34232253, 0.45166036), (0.32198638, 0.43979916), (0.30130944, 0.4373623), (0.3015092, 0.4454793), (0.3221928, 0.44855344), (0.30130944, 0.4373623), (0.28022045, 0.43497634), (0.28041252, 0.44245964), (0.3015092, 0.4454793), (0.28022045, 0.43497634), (0.25886297, 0.4326575), (0.2590475, 0.4395144), (0.28041252, 0.44245964), (0.25886297, 0.4326575), (0.23738313, 0.43042135), (0.23755953, 0.436664), (0.2590475, 0.4395144), (0.23738313, 0.43042135), (0.21592802, 0.428284), (0.21609595, 0.43392807), (0.23755953, 0.436664), (0.21592802, 0.428284), (0.1946449, 0.4262586), (0.19480348, 0.43132484), (0.21609595, 0.43392807), (0.1946449, 0.4262586), (0.17367801, 0.4243608), (0.17382741, 0.4288719), (0.19480348, 0.43132484), (0.17367801, 0.4243608), (0.15316999, 0.42260128), (0.15331009, 0.42658684), (0.17382741, 0.4288719), (0.15316999, 0.42260128), (0.13326237, 0.42099455), (0.1333926, 0.42448482), (0.15331009, 0.42658684), (0.13326237, 0.42099455), (0.11409047, 0.41955012), (0.1142112, 0.42258024), (0.1333926, 0.42448482), (0.11409047, 0.41955012), (0.09578556, 0.41827708), (0.09589586, 0.4208855), (0.1142112, 0.42258024), (0.09578556, 0.41827708), (0.07847312, 0.41718644), (0.07857323, 0.41941342), (0.09589586, 0.4208855), (0.07847312, 0.41718644), (0.062269866, 0.41628438), (0.062360168, 0.4181735), (0.07857323, 0.41941342), (0.062269866, 0.41628438), (0.047287405, 0.41557646), (0.047368586, 0.4171735), (0.062360168, 0.4181735), (0.047287405, 0.41557646), (0.033628464, 0.41506824), (0.03369975, 0.41642094), (0.047368586, 0.4171735), (0.033628464, 0.41506824), (0.021386147, 0.41476297), (0.021447718, 0.41592145), (0.03369975, 0.41642094), (0.37991297, 0.4357002), (0.36130857, 0.43388507), (0.36154366, 0.44475788), (0.38015294, 0.44724622), (0.36130857, 0.43388507), (0.34188128, 0.43208146), (0.3421106, 0.44227), (0.36154366, 0.44475788), (0.34188128, 0.43208146), (0.32176366, 0.43030044), (0.32198638, 0.43979916), (0.3421106, 0.44227), (0.32176366, 0.43030044), (0.30109328, 0.42855468), (0.30130944, 0.4373623), (0.32198638, 0.43979916), (0.30109328, 0.42855468), (0.28001162, 0.42685628), (0.28022045, 0.43497634), (0.30130944, 0.4373623), (0.28001162, 0.42685628), (0.25866312, 0.42521724), (0.25886297, 0.4326575), (0.28022045, 0.43497634), (0.25866312, 0.42521724), (0.2371926, 0.42364794), (0.23738313, 0.43042135), (0.25886297, 0.4326575), (0.2371926, 0.42364794), (0.21574679, 0.42215955), (0.21592802, 0.428284), (0.23738313, 0.43042135), (0.21574679, 0.42215955), (0.1944733, 0.42076227), (0.1946449, 0.4262586), (0.21592802, 0.428284), (0.1944733, 0.42076227), (0.17351636, 0.41946492), (0.17367801, 0.4243608), (0.1946449, 0.4262586), (0.17351636, 0.41946492), (0.1530191, 0.41827756), (0.15316999, 0.42260128), (0.17367801, 0.4243608), (0.1530191, 0.41827756), (0.13312218, 0.41720724), (0.13326237, 0.42099455), (0.15316999, 0.42260128), (0.13312218, 0.41720724), (0.11396104, 0.41626167), (0.11409047, 0.41955012), (0.13326237, 0.42099455), (0.11396104, 0.41626167), (0.095666885, 0.4154475), (0.09578556, 0.41827708), (0.11409047, 0.41955012), (0.095666885, 0.4154475), (0.07836458, 0.41476986), (0.07847312, 0.41718644), (0.09578556, 0.41827708), (0.07836458, 0.41476986), (0.062172294, 0.4142345), (0.062269866, 0.41628438), (0.07847312, 0.41718644), (0.062172294, 0.4142345), (0.04720038, 0.413843), (0.047287405, 0.41557646), (0.062269866, 0.41628438), (0.04720038, 0.413843), (0.033551753, 0.41360036), (0.033628464, 0.41506824), (0.047287405, 0.41557646), (0.033551753, 0.41360036), (0.021319091, 0.41350648), (0.021386147, 0.41476297), (0.033628464, 0.41506824), (0.37966293, 0.4236924), (0.36106324, 0.42257822), (0.36130857, 0.43388507), (0.37991297, 0.4357002), (0.36106324, 0.42257822), (0.34164166, 0.42148495), (0.34188128, 0.43208146), (0.36130857, 0.43388507), (0.34164166, 0.42148495), (0.32153103, 0.42042226), (0.32176366, 0.43030044), (0.34188128, 0.43208146), (0.32153103, 0.42042226), (0.30086845, 0.41939527), (0.30109328, 0.42855468), (0.32176366, 0.43030044), (0.30086845, 0.41939527), (0.2797946, 0.41841236), (0.28001162, 0.42685628), (0.30109328, 0.42855468), (0.2797946, 0.41841236), (0.25845444, 0.4174798), (0.25866312, 0.42521724), (0.28001162, 0.42685628), (0.25845444, 0.4174798), (0.23699376, 0.41660386), (0.2371926, 0.42364794), (0.25866312, 0.42521724), (0.23699376, 0.41660386), (0.21555752, 0.41579086), (0.21574679, 0.42215955), (0.2371926, 0.42364794), (0.21555752, 0.41579086), (0.19429365, 0.4150454), (0.1944733, 0.42076227), (0.21574679, 0.42215955), (0.19429365, 0.4150454), (0.17334753, 0.41437328), (0.17351636, 0.41946492), (0.1944733, 0.42076227), (0.17334753, 0.41437328), (0.152861, 0.4137798), (0.1530191, 0.41827756), (0.17351636, 0.41946492), (0.152861, 0.4137798), (0.13297504, 0.41326848), (0.13312218, 0.41720724), (0.1530191, 0.41827756), (0.13297504, 0.41326848), (0.11382544, 0.41284195), (0.11396104, 0.41626167), (0.13312218, 0.41720724), (0.11382544, 0.41284195), (0.09554291, 0.41250396), (0.095666885, 0.4154475), (0.11396104, 0.41626167), (0.09554291, 0.41250396), (0.07825139, 0.4122575), (0.07836458, 0.41476986), (0.095666885, 0.4154475), (0.07825139, 0.4122575), (0.06207055, 0.4121022), (0.062172294, 0.4142345), (0.07836458, 0.41476986), (0.06207055, 0.4121022), (0.047109663, 0.4120412), (0.04720038, 0.413843), (0.062172294, 0.4142345), (0.047109663, 0.4120412), (0.033471584, 0.41207355), (0.033551753, 0.41360036), (0.04720038, 0.413843), (0.033471584, 0.41207355), (0.021249354, 0.41219988), (0.021319091, 0.41350648), (0.033551753, 0.41360036), (0.7775375, 0.42917812), (0.76593494, 0.42426822), (0.7653587, 0.43698442), (0.77697724, 0.44190463), (0.76593494, 0.42426822), (0.752423, 0.419637), (0.7518317, 0.4323396), (0.7653587, 0.43698442), (0.752423, 0.419637), (0.73767895, 0.41551748), (0.7370745, 0.42820185), (0.7518317, 0.4323396), (0.73767895, 0.41551748), (0.72244287, 0.41211587), (0.7218273, 0.4247792), (0.7370745, 0.42820185), (0.72244287, 0.41211587), (0.7074784, 0.40960258), (0.7068544, 0.4222442), (0.7218273, 0.4247792), (0.7074784, 0.40960258), (0.69353634, 0.40810373), (0.692907, 0.42072296), (0.7068544, 0.4222442), (0.69353634, 0.40810373), (0.6813146, 0.40769446), (0.6806841, 0.42029202), (0.692907, 0.42072296), (0.77796715, 0.4168886), (0.7664043, 0.4119994), (0.76593494, 0.42426822), (0.7775375, 0.42917812), (0.7664043, 0.4119994), (0.7529295, 0.40739334), (0.752423, 0.419637), (0.76593494, 0.42426822), (0.7529295, 0.40739334), (0.73822033, 0.4033007), (0.73767895, 0.41551748), (0.752423, 0.419637), (0.73822033, 0.4033007), (0.72301275, 0.3999266), (0.72244287, 0.41211587), (0.73767895, 0.41551748), (0.72301275, 0.3999266), (0.70807046, 0.397441), (0.7074784, 0.40960258), (0.72244287, 0.41211587), (0.70807046, 0.397441), (0.6941417, 0.39596754), (0.69353634, 0.40810373), (0.7074784, 0.40960258), (0.6941417, 0.39596754), (0.68192524, 0.3955811), (0.6813146, 0.40769446), (0.69353634, 0.40810373), (0.7783061, 0.40553617), (0.7667928, 0.40067193), (0.7664043, 0.4119994), (0.77796715, 0.4168886), (0.7667928, 0.40067193), (0.75336504, 0.3960941), (0.7529295, 0.40739334), (0.7664043, 0.4119994), (0.75336504, 0.3960941), (0.7386981, 0.39203164), (0.73822033, 0.4033007), (0.7529295, 0.40739334), (0.7386981, 0.39203164), (0.72352654, 0.38868704), (0.72301275, 0.3999266), (0.73822033, 0.4033007), (0.72352654, 0.38868704), (0.70861137, 0.38623023), (0.70807046, 0.397441), (0.72301275, 0.3999266), (0.70861137, 0.38623023), (0.69470006, 0.38478214), (0.6941417, 0.39596754), (0.70807046, 0.397441), (0.69470006, 0.38478214), (0.6824909, 0.38441703), (0.68192524, 0.3955811), (0.6941417, 0.39596754), (0.7785838, 0.39557558), (0.76711726, 0.39073628), (0.7667928, 0.40067193), (0.7783061, 0.40553617), (0.76711726, 0.39073628), (0.75373614, 0.3861851), (0.75336504, 0.3960941), (0.7667928, 0.40067193), (0.75373614, 0.3861851), (0.7391099, 0.38214988), (0.7386981, 0.39203164), (0.75336504, 0.3960941), (0.7391099, 0.38214988), (0.72397333, 0.37883383), (0.72352654, 0.38868704), (0.7386981, 0.39203164), (0.72397333, 0.37883383), (0.70908445, 0.37640226), (0.70861137, 0.38623023), (0.72352654, 0.38868704), (0.70908445, 0.37640226), (0.69519055, 0.3749774), (0.69470006, 0.38478214), (0.70861137, 0.38623023), (0.69519055, 0.3749774), (0.6829885, 0.3746307), (0.6824909, 0.38441703), (0.69470006, 0.38478214), (0.7788061, 0.38739854), (0.76738036, 0.3825799), (0.76711726, 0.39073628), (0.7785838, 0.39557558), (0.76738036, 0.3825799), (0.7540372, 0.37805155), (0.75373614, 0.3861851), (0.76711726, 0.39073628), (0.7540372, 0.37805155), (0.73944646, 0.37403983), (0.7391099, 0.38214988), (0.75373614, 0.3861851), (0.73944646, 0.37403983), (0.72433954, 0.3707463), (0.72397333, 0.37883383), (0.7391099, 0.38214988), (0.72433954, 0.3707463), (0.7094736, 0.36833662), (0.70908445, 0.37640226), (0.72397333, 0.37883383), (0.7094736, 0.36833662), (0.6955943, 0.36693072), (0.69519055, 0.3749774), (0.70908445, 0.37640226), (0.6955943, 0.36693072), (0.6833982, 0.36659944), (0.6829885, 0.3746307), (0.69519055, 0.3749774), (0.77897215, 0.3813234), (0.7675763, 0.37651968), (0.76738036, 0.3825799), (0.7788061, 0.38739854), (0.7675763, 0.37651968), (0.75426185, 0.37200755), (0.7540372, 0.37805155), (0.76738036, 0.3825799), (0.75426185, 0.37200755), (0.73969674, 0.36801392), (0.73944646, 0.37403983), (0.7540372, 0.37805155), (0.73969674, 0.36801392), (0.72461164, 0.36473686), (0.72433954, 0.3707463), (0.73944646, 0.37403983), (0.72461164, 0.36473686), (0.70976245, 0.36234283), (0.7094736, 0.36833662), (0.72433954, 0.3707463), (0.70976245, 0.36234283), (0.6958947, 0.36095113), (0.6955943, 0.36693072), (0.7094736, 0.36833662), (0.6958947, 0.36095113), (0.6837025, 0.3606316), (0.6833982, 0.36659944), (0.6955943, 0.36693072), (0.7790753, 0.37758273), (0.7676975, 0.3727882), (0.7675763, 0.37651968), (0.77897215, 0.3813234), (0.7676975, 0.3727882), (0.7544002, 0.36828622), (0.75426185, 0.37200755), (0.7675763, 0.37651968), (0.7544002, 0.36828622), (0.739851, 0.36430278), (0.73969674, 0.36801392), (0.75426185, 0.37200755), (0.739851, 0.36430278), (0.72477937, 0.3610366), (0.72461164, 0.36473686), (0.73969674, 0.36801392), (0.72477937, 0.3610366), (0.7099402, 0.35865217), (0.70976245, 0.36234283), (0.72461164, 0.36473686), (0.7099402, 0.35865217), (0.69607913, 0.35726875), (0.6958947, 0.36095113), (0.70976245, 0.36234283), (0.69607913, 0.35726875), (0.6838897, 0.3569559), (0.6837025, 0.3606316), (0.6958947, 0.36095113), (0.7791102, 0.37631935), (0.7677382, 0.3715283), (0.7676975, 0.3727882), (0.7790753, 0.37758273), (0.7677382, 0.3715283), (0.754447, 0.36702982), (0.7544002, 0.36828622), (0.7676975, 0.3727882), (0.754447, 0.36702982), (0.7399032, 0.3630496), (0.739851, 0.36430278), (0.7544002, 0.36828622), (0.7399032, 0.3630496), (0.7248361, 0.359787), (0.72477937, 0.3610366), (0.739851, 0.36430278), (0.7248361, 0.359787), (0.7100008, 0.35740566), (0.7099402, 0.35865217), (0.72477937, 0.3610366), (0.7100008, 0.35740566), (0.69614106, 0.35602558), (0.69607913, 0.35726875), (0.7099402, 0.35865217), (0.69614106, 0.35602558), (0.6839531, 0.35571527), (0.6838897, 0.3569559), (0.69607913, 0.35726875), (0.7790753, 0.37758273), (0.7676975, 0.3727882), (0.7677382, 0.3715283), (0.7791102, 0.37631935), (0.7676975, 0.3727882), (0.7544002, 0.36828622), (0.754447, 0.36702982), (0.7677382, 0.3715283), (0.7544002, 0.36828622), (0.739851, 0.36430278), (0.7399032, 0.3630496), (0.754447, 0.36702982), (0.739851, 0.36430278), (0.72477937, 0.3610366), (0.7248361, 0.359787), (0.7399032, 0.3630496), (0.72477937, 0.3610366), (0.7099402, 0.35865217), (0.7100008, 0.35740566), (0.7248361, 0.359787), (0.7099402, 0.35865217), (0.69607913, 0.35726875), (0.69614106, 0.35602558), (0.7100008, 0.35740566), (0.69607913, 0.35726875), (0.6838897, 0.3569559), (0.6839531, 0.35571527), (0.69614106, 0.35602558), (0.77897215, 0.3813234), (0.7675763, 0.37651968), (0.7676975, 0.3727882), (0.7790753, 0.37758273), (0.7675763, 0.37651968), (0.75426185, 0.37200755), (0.7544002, 0.36828622), (0.7676975, 0.3727882), (0.75426185, 0.37200755), (0.73969674, 0.36801392), (0.739851, 0.36430278), (0.7544002, 0.36828622), (0.73969674, 0.36801392), (0.72461164, 0.36473686), (0.72477937, 0.3610366), (0.739851, 0.36430278), (0.72461164, 0.36473686), (0.70976245, 0.36234283), (0.7099402, 0.35865217), (0.72477937, 0.3610366), (0.70976245, 0.36234283), (0.6958947, 0.36095113), (0.69607913, 0.35726875), (0.7099402, 0.35865217), (0.6958947, 0.36095113), (0.6837025, 0.3606316), (0.6838897, 0.3569559), (0.69607913, 0.35726875), (0.7788061, 0.38739854), (0.76738036, 0.3825799), (0.7675763, 0.37651968), (0.77897215, 0.3813234), (0.76738036, 0.3825799), (0.7540372, 0.37805155), (0.75426185, 0.37200755), (0.7675763, 0.37651968), (0.7540372, 0.37805155), (0.73944646, 0.37403983), (0.73969674, 0.36801392), (0.75426185, 0.37200755), (0.73944646, 0.37403983), (0.72433954, 0.3707463), (0.72461164, 0.36473686), (0.73969674, 0.36801392), (0.72433954, 0.3707463), (0.7094736, 0.36833662), (0.70976245, 0.36234283), (0.72461164, 0.36473686), (0.7094736, 0.36833662), (0.6955943, 0.36693072), (0.6958947, 0.36095113), (0.70976245, 0.36234283), (0.6955943, 0.36693072), (0.6833982, 0.36659944), (0.6837025, 0.3606316), (0.6958947, 0.36095113), (0.7785838, 0.39557558), (0.76711726, 0.39073628), (0.76738036, 0.3825799), (0.7788061, 0.38739854), (0.76711726, 0.39073628), (0.75373614, 0.3861851), (0.7540372, 0.37805155), (0.76738036, 0.3825799), (0.75373614, 0.3861851), (0.7391099, 0.38214988), (0.73944646, 0.37403983), (0.7540372, 0.37805155), (0.7391099, 0.38214988), (0.72397333, 0.37883383), (0.72433954, 0.3707463), (0.73944646, 0.37403983), (0.72397333, 0.37883383), (0.70908445, 0.37640226), (0.7094736, 0.36833662), (0.72433954, 0.3707463), (0.70908445, 0.37640226), (0.69519055, 0.3749774), (0.6955943, 0.36693072), (0.7094736, 0.36833662), (0.69519055, 0.3749774), (0.6829885, 0.3746307), (0.6833982, 0.36659944), (0.6955943, 0.36693072), (0.7783061, 0.40553617), (0.7667928, 0.40067193), (0.76711726, 0.39073628), (0.7785838, 0.39557558), (0.7667928, 0.40067193), (0.75336504, 0.3960941), (0.75373614, 0.3861851), (0.76711726, 0.39073628), (0.75336504, 0.3960941), (0.7386981, 0.39203164), (0.7391099, 0.38214988), (0.75373614, 0.3861851), (0.7386981, 0.39203164), (0.72352654, 0.38868704), (0.72397333, 0.37883383), (0.7391099, 0.38214988), (0.72352654, 0.38868704), (0.70861137, 0.38623023), (0.70908445, 0.37640226), (0.72397333, 0.37883383), (0.70861137, 0.38623023), (0.69470006, 0.38478214), (0.69519055, 0.3749774), (0.70908445, 0.37640226), (0.69470006, 0.38478214), (0.6824909, 0.38441703), (0.6829885, 0.3746307), (0.69519055, 0.3749774), (0.77796715, 0.4168886), (0.7664043, 0.4119994), (0.7667928, 0.40067193), (0.7783061, 0.40553617), (0.7664043, 0.4119994), (0.7529295, 0.40739334), (0.75336504, 0.3960941), (0.7667928, 0.40067193), (0.7529295, 0.40739334), (0.73822033, 0.4033007), (0.7386981, 0.39203164), (0.75336504, 0.3960941), (0.73822033, 0.4033007), (0.72301275, 0.3999266), (0.72352654, 0.38868704), (0.7386981, 0.39203164), (0.72301275, 0.3999266), (0.70807046, 0.397441), (0.70861137, 0.38623023), (0.72352654, 0.38868704), (0.70807046, 0.397441), (0.6941417, 0.39596754), (0.69470006, 0.38478214), (0.70861137, 0.38623023), (0.6941417, 0.39596754), (0.68192524, 0.3955811), (0.6824909, 0.38441703), (0.69470006, 0.38478214), (0.7775375, 0.42917812), (0.76593494, 0.42426822), (0.7664043, 0.4119994), (0.77796715, 0.4168886), (0.76593494, 0.42426822), (0.752423, 0.419637), (0.7529295, 0.40739334), (0.7664043, 0.4119994), (0.752423, 0.419637), (0.73767895, 0.41551748), (0.73822033, 0.4033007), (0.7529295, 0.40739334), (0.73767895, 0.41551748), (0.72244287, 0.41211587), (0.72301275, 0.3999266), (0.73822033, 0.4033007), (0.72244287, 0.41211587), (0.7074784, 0.40960258), (0.70807046, 0.397441), (0.72301275, 0.3999266), (0.7074784, 0.40960258), (0.69353634, 0.40810373), (0.6941417, 0.39596754), (0.70807046, 0.397441), (0.69353634, 0.40810373), (0.6813146, 0.40769446), (0.68192524, 0.3955811), (0.6941417, 0.39596754), (0.77697724, 0.44190463), (0.7653587, 0.43698442), (0.76593494, 0.42426822), (0.7775375, 0.42917812), (0.7653587, 0.43698442), (0.7518317, 0.4323396), (0.752423, 0.419637), (0.76593494, 0.42426822), (0.7518317, 0.4323396), (0.7370745, 0.42820185), (0.73767895, 0.41551748), (0.752423, 0.419637), (0.7370745, 0.42820185), (0.7218273, 0.4247792), (0.72244287, 0.41211587), (0.73767895, 0.41551748), (0.7218273, 0.4247792), (0.7068544, 0.4222442), (0.7074784, 0.40960258), (0.72244287, 0.41211587), (0.7068544, 0.4222442), (0.692907, 0.42072296), (0.69353634, 0.40810373), (0.7074784, 0.40960258), (0.692907, 0.42072296), (0.6806841, 0.42029202), (0.6813146, 0.40769446), (0.69353634, 0.40810373), (0.7762745, 0.45456335), (0.7646716, 0.4496487), (0.7653587, 0.43698442), (0.77697724, 0.44190463), (0.7646716, 0.4496487), (0.75116014, 0.44500336), (0.7518317, 0.4323396), (0.7653587, 0.43698442), (0.75116014, 0.44500336), (0.7364174, 0.4408605), (0.7370745, 0.42820185), (0.7518317, 0.4323396), (0.7364174, 0.4408605), (0.72118187, 0.43742836), (0.7218273, 0.4247792), (0.7370745, 0.42820185), (0.72118187, 0.43742836), (0.70621824, 0.43487924), (0.7068544, 0.4222442), (0.7218273, 0.4247792), (0.70621824, 0.43487924), (0.69227743, 0.4333401), (0.692907, 0.42072296), (0.7068544, 0.4222442), (0.69227743, 0.4333401), (0.6800574, 0.43288818), (0.6806841, 0.42029202), (0.692907, 0.42072296), (0.77548856, 0.46668345), (0.7639259, 0.46178523), (0.7646716, 0.4496487), (0.7762745, 0.45456335), (0.7639259, 0.46178523), (0.75045264, 0.45715076), (0.75116014, 0.44500336), (0.7646716, 0.4496487), (0.75045264, 0.45715076), (0.7357441, 0.45301315), (0.7364174, 0.4408605), (0.75116014, 0.44500336), (0.7357441, 0.45301315), (0.72053754, 0.44958013), (0.72118187, 0.43742836), (0.7364174, 0.4408605), (0.72053754, 0.44958013), (0.7055968, 0.44702297), (0.70621824, 0.43487924), (0.72118187, 0.43742836), (0.7055968, 0.44702297), (0.6916701, 0.4454708), (0.69227743, 0.4333401), (0.70621824, 0.43487924), (0.6916701, 0.4454708), (0.6794559, 0.44500053), (0.6800574, 0.43288818), (0.69227743, 0.4333401), (0.77470803, 0.4778264), (0.76319444, 0.47294885), (0.7639259, 0.46178523), (0.77548856, 0.46668345), (0.76319444, 0.47294885), (0.74976796, 0.46833074), (0.75045264, 0.45715076), (0.7639259, 0.46178523), (0.74976796, 0.46833074), (0.7351022, 0.46420297), (0.7357441, 0.45301315), (0.75045264, 0.45715076), (0.7351022, 0.46420297), (0.71993244, 0.46077305), (0.72053754, 0.44958013), (0.7357441, 0.45301315), (0.71993244, 0.46077305), (0.7050187, 0.45821214), (0.7055968, 0.44702297), (0.72053754, 0.44958013), (0.7050187, 0.45821214), (0.69110936, 0.45664915), (0.6916701, 0.4454708), (0.7055968, 0.44702297), (0.69110936, 0.45664915), (0.678902, 0.45616305), (0.6794559, 0.44500053), (0.6916701, 0.4454708), (0.7740039, 0.48758423), (0.7625376, 0.48272717), (0.76319444, 0.47294885), (0.77470803, 0.4778264), (0.7625376, 0.48272717), (0.749157, 0.47812498), (0.74976796, 0.46833074), (0.76319444, 0.47294885), (0.749157, 0.47812498), (0.7345319, 0.47400728), (0.7351022, 0.46420297), (0.74976796, 0.46833074), (0.7345319, 0.47400728), (0.71939707, 0.4705814), (0.71993244, 0.46077305), (0.7351022, 0.46420297), (0.71939707, 0.4705814), (0.7045091, 0.46801835), (0.7050187, 0.45821214), (0.71993244, 0.46077305), (0.7045091, 0.46801835), (0.69061655, 0.46644756), (0.69110936, 0.45664915), (0.7050187, 0.45821214), (0.69061655, 0.46644756), (0.67841566, 0.46594673), (0.678902, 0.45616305), (0.69110936, 0.45664915), (0.77342165, 0.49558932), (0.7619953, 0.49074996), (0.7625376, 0.48272717), (0.7740039, 0.48758423), (0.7619953, 0.49074996), (0.7486533, 0.48616156), (0.749157, 0.47812498), (0.7625376, 0.48272717), (0.7486533, 0.48616156), (0.73406255, 0.48205295), (0.7345319, 0.47400728), (0.749157, 0.47812498), (0.73406255, 0.48205295), (0.7189564, 0.47863024), (0.71939707, 0.4705814), (0.7345319, 0.47400728), (0.7189564, 0.47863024), (0.7040909, 0.4760659), (0.7045091, 0.46801835), (0.71939707, 0.4705814), (0.7040909, 0.4760659), (0.69021267, 0.4744881), (0.69061655, 0.46644756), (0.7045091, 0.46801835), (0.69021267, 0.4744881), (0.678017, 0.47397536), (0.67841566, 0.46594673), (0.69061655, 0.46644756), (0.77298844, 0.501538), (0.76159286, 0.49671197), (0.7619953, 0.49074996), (0.77342165, 0.49558932), (0.76159286, 0.49671197), (0.7482785, 0.4921328), (0.7486533, 0.48616156), (0.7619953, 0.49074996), (0.7482785, 0.4921328), (0.73371375, 0.48803058), (0.73406255, 0.48205295), (0.7486533, 0.48616156), (0.73371375, 0.48803058), (0.7186285, 0.48461127), (0.7189564, 0.47863024), (0.73406255, 0.48205295), (0.7186285, 0.48461127), (0.70378, 0.4820452), (0.7040909, 0.4760659), (0.7189564, 0.47863024), (0.70378, 0.4820452), (0.6899122, 0.4804625), (0.69021267, 0.4744881), (0.7040909, 0.4760659), (0.6899122, 0.4804625), (0.6777206, 0.47994113), (0.678017, 0.47397536), (0.69021267, 0.4744881), (0.77272326, 0.5052017), (0.76134515, 0.50038326), (0.76159286, 0.49671197), (0.77298844, 0.501538), (0.76134515, 0.50038326), (0.7480485, 0.49581048), (0.7482785, 0.4921328), (0.76159286, 0.49671197), (0.7480485, 0.49581048), (0.73349935, 0.49171245), (0.73371375, 0.48803058), (0.7482785, 0.4921328), (0.73349935, 0.49171245), (0.7184274, 0.4882942), (0.7186285, 0.48461127), (0.73371375, 0.48803058), (0.7184274, 0.4882942), (0.70358896, 0.48572767), (0.70378, 0.4820452), (0.7186285, 0.48461127), (0.70358896, 0.48572767), (0.6897274, 0.48414132), (0.6899122, 0.4804625), (0.70378, 0.4820452), (0.6897274, 0.48414132), (0.67753774, 0.48361492), (0.6777206, 0.47994113), (0.6899122, 0.4804625), (0.7726337, 0.506439), (0.7612618, 0.501623), (0.76134515, 0.50038326), (0.77272326, 0.5052017), (0.7612618, 0.501623), (0.74797094, 0.4970522), (0.7480485, 0.49581048), (0.76134515, 0.50038326), (0.74797094, 0.4970522), (0.73342746, 0.49295557), (0.73349935, 0.49171245), (0.7480485, 0.49581048), (0.73342746, 0.49295557), (0.71835977, 0.489538), (0.7184274, 0.4882942), (0.73349935, 0.49171245), (0.71835977, 0.489538), (0.70352435, 0.48697093), (0.70358896, 0.48572767), (0.7184274, 0.4882942), (0.70352435, 0.48697093), (0.6896652, 0.4853837), (0.6897274, 0.48414132), (0.70358896, 0.48572767), (0.6896652, 0.4853837), (0.6774763, 0.48485577), (0.67753774, 0.48361492), (0.6897274, 0.48414132), (0.77272326, 0.5052017), (0.76134515, 0.50038326), (0.7612618, 0.501623), (0.7726337, 0.506439), (0.76134515, 0.50038326), (0.7480485, 0.49581048), (0.74797094, 0.4970522), (0.7612618, 0.501623), (0.7480485, 0.49581048), (0.73349935, 0.49171245), (0.73342746, 0.49295557), (0.74797094, 0.4970522), (0.73349935, 0.49171245), (0.7184274, 0.4882942), (0.71835977, 0.489538), (0.73342746, 0.49295557), (0.7184274, 0.4882942), (0.70358896, 0.48572767), (0.70352435, 0.48697093), (0.71835977, 0.489538), (0.70358896, 0.48572767), (0.6897274, 0.48414132), (0.6896652, 0.4853837), (0.70352435, 0.48697093), (0.6897274, 0.48414132), (0.67753774, 0.48361492), (0.6774763, 0.48485577), (0.6896652, 0.4853837), (0.77298844, 0.501538), (0.76159286, 0.49671197), (0.76134515, 0.50038326), (0.77272326, 0.5052017), (0.76159286, 0.49671197), (0.7482785, 0.4921328), (0.7480485, 0.49581048), (0.76134515, 0.50038326), (0.7482785, 0.4921328), (0.73371375, 0.48803058), (0.73349935, 0.49171245), (0.7480485, 0.49581048), (0.73371375, 0.48803058), (0.7186285, 0.48461127), (0.7184274, 0.4882942), (0.73349935, 0.49171245), (0.7186285, 0.48461127), (0.70378, 0.4820452), (0.70358896, 0.48572767), (0.7184274, 0.4882942), (0.70378, 0.4820452), (0.6899122, 0.4804625), (0.6897274, 0.48414132), (0.70358896, 0.48572767), (0.6899122, 0.4804625), (0.6777206, 0.47994113), (0.67753774, 0.48361492), (0.6897274, 0.48414132), (0.77342165, 0.49558932), (0.7619953, 0.49074996), (0.76159286, 0.49671197), (0.77298844, 0.501538), (0.7619953, 0.49074996), (0.7486533, 0.48616156), (0.7482785, 0.4921328), (0.76159286, 0.49671197), (0.7486533, 0.48616156), (0.73406255, 0.48205295), (0.73371375, 0.48803058), (0.7482785, 0.4921328), (0.73406255, 0.48205295), (0.7189564, 0.47863024), (0.7186285, 0.48461127), (0.73371375, 0.48803058), (0.7189564, 0.47863024), (0.7040909, 0.4760659), (0.70378, 0.4820452), (0.7186285, 0.48461127), (0.7040909, 0.4760659), (0.69021267, 0.4744881), (0.6899122, 0.4804625), (0.70378, 0.4820452), (0.69021267, 0.4744881), (0.678017, 0.47397536), (0.6777206, 0.47994113), (0.6899122, 0.4804625), (0.7740039, 0.48758423), (0.7625376, 0.48272717), (0.7619953, 0.49074996), (0.77342165, 0.49558932), (0.7625376, 0.48272717), (0.749157, 0.47812498), (0.7486533, 0.48616156), (0.7619953, 0.49074996), (0.749157, 0.47812498), (0.7345319, 0.47400728), (0.73406255, 0.48205295), (0.7486533, 0.48616156), (0.7345319, 0.47400728), (0.71939707, 0.4705814), (0.7189564, 0.47863024), (0.73406255, 0.48205295), (0.71939707, 0.4705814), (0.7045091, 0.46801835), (0.7040909, 0.4760659), (0.7189564, 0.47863024), (0.7045091, 0.46801835), (0.69061655, 0.46644756), (0.69021267, 0.4744881), (0.7040909, 0.4760659), (0.69061655, 0.46644756), (0.67841566, 0.46594673), (0.678017, 0.47397536), (0.69021267, 0.4744881), (0.77470803, 0.4778264), (0.76319444, 0.47294885), (0.7625376, 0.48272717), (0.7740039, 0.48758423), (0.76319444, 0.47294885), (0.74976796, 0.46833074), (0.749157, 0.47812498), (0.7625376, 0.48272717), (0.74976796, 0.46833074), (0.7351022, 0.46420297), (0.7345319, 0.47400728), (0.749157, 0.47812498), (0.7351022, 0.46420297), (0.71993244, 0.46077305), (0.71939707, 0.4705814), (0.7345319, 0.47400728), (0.71993244, 0.46077305), (0.7050187, 0.45821214), (0.7045091, 0.46801835), (0.71939707, 0.4705814), (0.7050187, 0.45821214), (0.69110936, 0.45664915), (0.69061655, 0.46644756), (0.7045091, 0.46801835), (0.69110936, 0.45664915), (0.678902, 0.45616305), (0.67841566, 0.46594673), (0.69061655, 0.46644756), (0.77548856, 0.46668345), (0.7639259, 0.46178523), (0.76319444, 0.47294885), (0.77470803, 0.4778264), (0.7639259, 0.46178523), (0.75045264, 0.45715076), (0.74976796, 0.46833074), (0.76319444, 0.47294885), (0.75045264, 0.45715076), (0.7357441, 0.45301315), (0.7351022, 0.46420297), (0.74976796, 0.46833074), (0.7357441, 0.45301315), (0.72053754, 0.44958013), (0.71993244, 0.46077305), (0.7351022, 0.46420297), (0.72053754, 0.44958013), (0.7055968, 0.44702297), (0.7050187, 0.45821214), (0.71993244, 0.46077305), (0.7055968, 0.44702297), (0.6916701, 0.4454708), (0.69110936, 0.45664915), (0.7050187, 0.45821214), (0.6916701, 0.4454708), (0.6794559, 0.44500053), (0.678902, 0.45616305), (0.69110936, 0.45664915), (0.7762745, 0.45456335), (0.7646716, 0.4496487), (0.7639259, 0.46178523), (0.77548856, 0.46668345), (0.7646716, 0.4496487), (0.75116014, 0.44500336), (0.75045264, 0.45715076), (0.7639259, 0.46178523), (0.75116014, 0.44500336), (0.7364174, 0.4408605), (0.7357441, 0.45301315), (0.75045264, 0.45715076), (0.7364174, 0.4408605), (0.72118163, 0.43742886), (0.72053754, 0.44958013), (0.7357441, 0.45301315), (0.72118163, 0.43742886), (0.70621824, 0.43487924), (0.7055968, 0.44702297), (0.72053754, 0.44958013), (0.70621824, 0.43487924), (0.69227743, 0.4333401), (0.6916701, 0.4454708), (0.7055968, 0.44702297), (0.69227743, 0.4333401), (0.6800574, 0.43288818), (0.6794559, 0.44500053), (0.6916701, 0.4454708), (0.77697724, 0.44190463), (0.7653587, 0.43698442), (0.7646716, 0.4496487), (0.7762745, 0.45456335), (0.7653587, 0.43698442), (0.7518317, 0.4323396), (0.75116014, 0.44500336), (0.7646716, 0.4496487), (0.7518317, 0.4323396), (0.7370745, 0.42820185), (0.7364174, 0.4408605), (0.75116014, 0.44500336), (0.7370745, 0.42820185), (0.7218273, 0.4247792), (0.72118163, 0.43742886), (0.7364174, 0.4408605), (0.7218273, 0.4247792), (0.7068544, 0.4222442), (0.70621824, 0.43487924), (0.72118163, 0.43742886), (0.7068544, 0.4222442), (0.692907, 0.42072296), (0.69227743, 0.4333401), (0.70621824, 0.43487924), (0.692907, 0.42072296), (0.6806841, 0.42029202), (0.6800574, 0.43288818), (0.69227743, 0.4333401), (0.6813146, 0.40769446), (0.3794135, 0.41168484), (0.37966293, 0.4236924), (0.6806841, 0.42029202), (0.95469606, 0.5243202), (0.7775375, 0.42917812), (0.77697724, 0.44190463), (0.94965625, 0.53491586), (0.6806841, 0.42029202), (0.37966293, 0.4236924), (0.37991297, 0.4357002), (0.6800574, 0.43288818), (0.94965625, 0.53491586), (0.77697724, 0.44190463), (0.7762745, 0.45456335), (0.9446162, 0.5455114), (0.95954263, 0.5141316), (0.77796715, 0.4168886), (0.7775375, 0.42917812), (0.95469606, 0.5243202), (0.68192524, 0.3955811), (0.37917256, 0.40013832), (0.3794135, 0.41168484), (0.6813146, 0.40769446), (0.9640087, 0.5047424), (0.7783061, 0.40553617), (0.77796715, 0.4168886), (0.95954263, 0.5141316), (0.6824909, 0.38441703), (0.37895074, 0.38949698), (0.37917256, 0.40013832), (0.68192524, 0.3955811), (0.96792364, 0.49651188), (0.7785838, 0.39557558), (0.7783061, 0.40553617), (0.9640087, 0.5047424), (0.6829885, 0.3746307), (0.37875712, 0.38017008), (0.37895074, 0.38949698), (0.6824909, 0.38441703), (0.9711368, 0.48975748), (0.7788061, 0.38739854), (0.7785838, 0.39557558), (0.96792364, 0.49651188), (0.6833982, 0.36659944), (0.3785972, 0.37251577), (0.37875712, 0.38017008), (0.6829885, 0.3746307), (0.97352374, 0.48473883), (0.77897215, 0.3813234), (0.7788061, 0.38739854), (0.9711368, 0.48975748), (0.6837025, 0.3606316), (0.37847894, 0.36682814), (0.3785972, 0.37251577), (0.6833982, 0.36659944), (0.97499394, 0.4816484), (0.7790753, 0.37758273), (0.77897215, 0.3813234), (0.97352374, 0.48473883), (0.6838897, 0.3569559), (0.37840632, 0.36332577), (0.37847894, 0.36682814), (0.6837025, 0.3606316), (0.97549057, 0.4806046), (0.7791102, 0.37631935), (0.7790753, 0.37758273), (0.97499394, 0.4816484), (0.6839531, 0.35571527), (0.37838104, 0.3621428), (0.37840632, 0.36332577), (0.6838897, 0.3569559), (0.97499394, 0.4816484), (0.7790753, 0.37758273), (0.7791102, 0.37631935), (0.97549057, 0.4806046), (0.6838897, 0.3569559), (0.37840632, 0.36332577), (0.37838104, 0.3621428), (0.6839531, 0.35571527), (0.97352374, 0.48473883), (0.77897215, 0.3813234), (0.7790753, 0.37758273), (0.97499394, 0.4816484), (0.6837025, 0.3606316), (0.37847894, 0.36682814), (0.37840632, 0.36332577), (0.6838897, 0.3569559), (0.9711368, 0.48975748), (0.7788061, 0.38739854), (0.77897215, 0.3813234), (0.97352374, 0.48473883), (0.6833982, 0.36659944), (0.3785972, 0.37251577), (0.37847894, 0.36682814), (0.6837025, 0.3606316), (0.96792364, 0.49651188), (0.7785838, 0.39557558), (0.7788061, 0.38739854), (0.9711368, 0.48975748), (0.6829885, 0.3746307), (0.37875712, 0.38017008), (0.3785972, 0.37251577), (0.6833982, 0.36659944), (0.9640087, 0.5047424), (0.7783061, 0.40553617), (0.7785838, 0.39557558), (0.96792364, 0.49651188), (0.6824909, 0.38441703), (0.37895074, 0.38949698), (0.37875712, 0.38017008), (0.6829885, 0.3746307), (0.95954263, 0.5141316), (0.77796715, 0.4168886), (0.7783061, 0.40553617), (0.9640087, 0.5047424), (0.68192524, 0.3955811), (0.37917256, 0.40013832), (0.37895074, 0.38949698), (0.6824909, 0.38441703), (0.95469606, 0.5243202), (0.7775375, 0.42917812), (0.77796715, 0.4168886), (0.95954263, 0.5141316), (0.6813146, 0.40769446), (0.3794135, 0.41168484), (0.37917256, 0.40013832), (0.68192524, 0.3955811), (0.94965625, 0.53491586), (0.77697724, 0.44190463), (0.7775375, 0.42917812), (0.95469606, 0.5243202), (0.6806841, 0.42029202), (0.37966293, 0.4236924), (0.3794135, 0.41168484), (0.6813146, 0.40769446), (0.9446162, 0.5455114), (0.7762745, 0.45456335), (0.77697724, 0.44190463), (0.94965625, 0.53491586), (0.6800574, 0.43288818), (0.37991297, 0.4357002), (0.37966293, 0.4236924), (0.6806841, 0.42029202), (0.9397696, 0.5557001), (0.77548856, 0.46668345), (0.7762745, 0.45456335), (0.9446162, 0.5455114), (0.6794559, 0.44500053), (0.38015294, 0.44724622), (0.37991297, 0.4357002), (0.6800574, 0.43288818), (0.93530333, 0.5650899), (0.77470803, 0.4778264), (0.77548856, 0.46668345), (0.9397696, 0.5557001), (0.678902, 0.45616305), (0.38037497, 0.45788705), (0.38015294, 0.44724622), (0.6794559, 0.44500053), (0.93138826, 0.57332027), (0.7740039, 0.48758423), (0.77470803, 0.4778264), (0.93530333, 0.5650899), (0.67841566, 0.46594673), (0.38056913, 0.46721423), (0.38037497, 0.45788705), (0.678902, 0.45616305), (0.9281757, 0.58007425), (0.77342165, 0.49558932), (0.7740039, 0.48758423), (0.93138826, 0.57332027), (0.678017, 0.47397536), (0.3807286, 0.47486898), (0.38056913, 0.46721423), (0.67841566, 0.46594673), (0.92578816, 0.5850934), (0.77298844, 0.501538), (0.77342165, 0.49558932), (0.9281757, 0.58007425), (0.6777206, 0.47994113), (0.38084716, 0.48055667), (0.3807286, 0.47486898), (0.678017, 0.47397536), (0.9243182, 0.5881839), (0.77272326, 0.5052017), (0.77298844, 0.501538), (0.92578816, 0.5850934), (0.67753774, 0.48361492), (0.3809203, 0.48405933), (0.38084716, 0.48055667), (0.6777206, 0.47994113), (0.9238218, 0.5892277), (0.7726337, 0.506439), (0.77272326, 0.5052017), (0.9243182, 0.5881839), (0.6774763, 0.48485577), (0.3809443, 0.48524204), (0.3809203, 0.48405933), (0.67753774, 0.48361492), (0.9243182, 0.5881839), (0.77272326, 0.5052017), (0.7726337, 0.506439), (0.9238218, 0.5892277), (0.67753774, 0.48361492), (0.3809203, 0.48405933), (0.3809443, 0.48524204), (0.6774763, 0.48485577), (0.92578816, 0.5850934), (0.77298844, 0.501538), (0.77272326, 0.5052017), (0.9243182, 0.5881839), (0.6777206, 0.47994113), (0.38084716, 0.48055667), (0.3809203, 0.48405933), (0.67753774, 0.48361492), (0.9281757, 0.58007425), (0.77342165, 0.49558932), (0.77298844, 0.501538), (0.92578816, 0.5850934), (0.678017, 0.47397536), (0.3807286, 0.47486898), (0.38084716, 0.48055667), (0.6777206, 0.47994113), (0.93138826, 0.57332027), (0.7740039, 0.48758423), (0.77342165, 0.49558932), (0.9281757, 0.58007425), (0.67841566, 0.46594673), (0.38056913, 0.46721423), (0.3807286, 0.47486898), (0.678017, 0.47397536), (0.93530333, 0.5650899), (0.77470803, 0.4778264), (0.7740039, 0.48758423), (0.93138826, 0.57332027), (0.678902, 0.45616305), (0.38037497, 0.45788705), (0.38056913, 0.46721423), (0.67841566, 0.46594673), (0.9397696, 0.5557001), (0.77548856, 0.46668345), (0.77470803, 0.4778264), (0.93530333, 0.5650899), (0.6794559, 0.44500053), (0.38015294, 0.44724622), (0.38037497, 0.45788705), (0.678902, 0.45616305), (0.9446162, 0.5455114), (0.7762745, 0.45456335), (0.77548856, 0.46668345), (0.9397696, 0.5557001), (0.6800574, 0.43288818), (0.37991297, 0.4357002), (0.38015294, 0.44724622), (0.6794559, 0.44500053)] (
                    interpolation = "faceVarying"
                )
                rel skel:skeleton = </roboticArm/SkelRoot/Rig/Armature_render>
                matrix4d xformOp:transform = ( (1, 0, 0, 0), (0, 1, 0, 0), (0, 0, 1, 0), (-0.9999607801437378, -3.1709316061778736e-8, 1.497487187385559, 1) )
                uniform token[] xformOpOrder = ["xformOp:transform"]
            }
        }
    }
}

